project,num_downloads
boto3,127230362
urllib3,66381281
botocore,61175492
requests,59492890
idna,56487658
typing-extensions,52539749
setuptools,51311632
charset-normalizer,49128552
certifi,47582574
s3transfer,47331937
google-api-core,46615610
python-dateutil,41648407
six,40020817
wheel,39995570
pyyaml,37517589
cryptography,35666563
click,33397276
awscli,33276769
numpy,31667123
pip,30666450
jinja2,30578181
attrs,30541532
pyparsing,29529834
packaging,29490915
importlib-metadata,29204562
colorama,28063124
zipp,28055198
pytz,27304392
markupsafe,27069912
protobuf,26256395
rsa,26181539
pyasn1,25697812
jmespath,25188512
pyjwt,24674478
pandas,24477053
cffi,23492849
werkzeug,21594206
oauthlib,21528338
pycparser,21287571
aiobotocore,20599907
multidict,20422422
yarl,19578938
flask,19271967
requests-oauthlib,19118839
google-auth,17378819
fsspec,17205763
docutils,17007045
wrapt,16795437
s3fs,16636150
googleapis-common-protos,16496180
cachetools,16319299
pyarrow,16109106
aiohttp,15663124
psutil,15521823
itsdangerous,14942173
sqlalchemy,14868552
pyasn1-modules,14781082
google-cloud-bigquery,14769031
async-timeout,14396653
chardet,14040198
tomli,13949239
isodate,13681168
soupsieve,12838006
greenlet,12801376
platformdirs,12791494
grpcio,12742339
lxml,12740914
beautifulsoup4,12588945
grpcio-status,12583681
jsonschema,12567077
azure-core,12527501
decorator,12447335
pyopenssl,12375651
google-cloud-storage,12267823
pluggy,12148426
frozenlist,11983215
filelock,11886327
pillow,11854614
aiosignal,11487451
discord-py,11373142
websocket-client,11293769
pytest,11241810
pyrsistent,11200711
tqdm,11109787
asn1crypto,10969166
msrest,10880073
google-cloud-core,10761601
importlib-resources,10396509
et-xmlfile,10341623
scipy,10242335
openpyxl,10240450
pydantic,10150827
tabulate,10142678
discord,10139768
google-api-python-client,10096860
google-resumable-media,9873294
requests-toolbelt,9613036
iniconfig,9285123
virtualenv,9194711
pynacl,9157479
psycopg2-binary,8761136
azure-storage-blob,8661531
pygments,8601364
future,8563190
deprecated,8513830
toml,8510469
proto-plus,8408583
pymysql,8180235
azure-common,7948413
sqlparse,7926407
py,7856410
httplib2,7807716
paramiko,7798642
bcrypt,7769873
py4j,7760988
scikit-learn,7751626
distlib,7739554
exceptiongroup,7555868
matplotlib,7518197
mypy-extensions,7464293
more-itertools,7455895
coverage,7314538
pathspec,7311015
docker,7216276
cython,6947339
gitpython,6865480
google-auth-oauthlib,6716451
cloudpickle,6632375
kiwisolver,6591535
pycodestyle,6582600
sniffio,6575769
pyspark,6568702
smmap,6566464
gitdb,6534671
termcolor,6462441
ptyprocess,6406940
msal,6393365
msgpack,6357174
pexpect,6319929
redis,6267418
tzdata,6264009
uritemplate,6246751
pycryptodomex,6238417
cycler,6238366
wcwidth,6191095
h11,6135487
portalocker,6001997
tzlocal,5939219
mccabe,5889513
pymongo,5835317
pyodbc,5814881
isort,5800688
cfn-lint,5773856
msal-extensions,5745358
gunicorn,5672448
absl-py,5659714
google-cloud-pubsub,5654089
scramp,5651438
adal,5583819
regex,5577644
snowflake-connector-python,5575931
google-crc32c,5569043
keyring,5566448
webencodings,5561013
marshmallow,5468069
python-dotenv,5454980
markdown,5454769
google-auth-httplib2,5427321
dill,5367126
joblib,5241595
datadog,5233801
oscrypto,5194161
azure-identity,5160584
setuptools-scm,5156949
xlrd,5154604
anyio,5113456
mako,4991295
ply,4984279
dnspython,4978264
asynctest,4970723
prompt-toolkit,4947352
secretstorage,4924951
pg8000,4923085
babel,4817329
jeepney,4799474
tensorflow-serving-api,4769483
ruamel-yaml,4761135
xmltodict,4751491
awswrangler,4699657
traitlets,4682728
redshift-connector,4607720
flake8,4588748
tenacity,4554467
sagemaker,4542453
tornado,4541774
alembic,4525812
threadpoolctl,4520471
fonttools,4503497
backoff,4500059
networkx,4485136
pytz-deprecation-shim,4419136
pkginfo,4401558
sentry-sdk,4372694
ruamel-yaml-clib,4363552
pyflakes,4332385
defusedxml,4318866
rich,4309023
pyathena,4284920
pbr,4268637
nest-asyncio,4261665
websockets,4221555
simplejson,4169324
backports-zoneinfo,4160627
jaraco-classes,4150938
pkgutil-resolve-name,4137941
toolz,4133664
ipython,4111016
requests-aws4auth,4097434
tomlkit,4086098
nbconvert,4019299
oauth2client,4017011
prometheus-client,3971131
pycryptodome,3962725
tensorboard,3954418
jsonpath-ng,3901890
google-cloud-bigquery-storage,3889234
jedi,3873183
progressbar2,3804617
elasticsearch,3773257
black,3764082
python-utils,3759060
databricks-cli,3732933
zope-interface,3729724
lazy-object-proxy,3717452
google-cloud-secret-manager,3706302
apache-airflow,3704918
tensorflow,3693953
pytest-cov,3666839
sortedcontainers,3636346
httpcore,3629462
poetry-core,3617432
backcall,3587505
pickleshare,3575061
jupyter-client,3561199
parso,3558657
entrypoints,3520654
mysql-connector-python,3516842
aioitertools,3475525
grpc-google-iam-v1,3435891
rfc3986,3432801
lockfile,3424215
msrestazure,3385101
opensearch-py,3331341
psycopg2,3327465
kubernetes,3316264
html5lib,3288534
argcomplete,3274997
cattrs,3266401
marshmallow-enum,3231406
httpx,3221282
tensorflow-estimator,3185663
astroid,3169644
gast,3158598
python-slugify,3111660
matplotlib-inline,3101075
pyzmq,3097392
pylint,3080866
cachecontrol,3079814
typing-inspect,3075880
appdirs,3036556
imageio,2994493
cached-property,2946992
mistune,2939392
requests-file,2933525
bleach,2924704
selenium,2891483
h5py,2875833
smart-open,2845416
ujson,2816694
humanfriendly,2811726
nbformat,2795257
pysocks,2772439
azure-storage-common,2768442
shellingham,2750168
jsonpointer,2734825
contextlib2,2724376
starlette,2718969
commonmark,2710449
watchtower,2705758
ipykernel,2700975
mypy,2679468
nltk,2677881
google-pasta,2673953
fastjsonschema,2644593
text-unidecode,2619781
unidecode,2618855
numba,2614857
jupyter-core,2593179
azure-nspkg,2585150
asgiref,2571007
mlflow,2556453
jsonpatch,2550737
configparser,2546869
xlsxwriter,2534834
google-cloud-dlp,2530463
jupyter-server,2488030
mock,2487073
docopt,2487058
notebook,2480102
fastavro,2466252
bs4,2463791
poetry,2462025
cleo,2450398
fastapi,2439808
llvmlite,2431563
tinycss2,2424399
futures,2400342
typer,2399370
pylev,2394269
aenum,2374505
crashtest,2366499
dataclasses,2366215
uvicorn,2359363
applicationinsights,2355496
querystring-parser,2354670
azure-mgmt-resource,2342895
uamqp,2332712
debugpy,2318241
typed-ast,2317239
pysftp,2306802
snowflake-sqlalchemy,2302287
dulwich,2295863
cachy,2291821
croniter,2291023
ipython-genutils,2287263
keras,2278404
uvloop,2276509
opencensus,2260689
jsonpickle,2259092
thrift,2243119
opencensus-context,2237003
send2trash,2219122
distro,2215085
statsmodels,2209916
graphviz,2187844
gspread,2181841
slack-sdk,2178687
altair,2173839
poetry-plugin-export,2172995
azure-mgmt-core,2145133
pep517,2138270
libcst,2136288
pendulum,2128715
boto,2127408
flask-appbuilder,2108288
confluent-kafka,2106075
xgboost,2085158
django,2077561
tensorboard-plugin-wit,2040672
sphinx,2037453
contourpy,2033645
plotly,2013979
arrow,2012802
flatbuffers,2011433
nbclient,2010161
torch,2005896
transformers,1989260
responses,1984551
gremlinpython,1977879
tokenizers,1962648
azureml-core,1951723
connexion,1950955
avro-python3,1950331
retrying,1945986
async-generator,1922925
colorlog,1919318
nbclassic,1918433
seaborn,1910998
retry,1899923
pytzdata,1896580
flask-wtf,1895116
opt-einsum,1894683
hvac,1890925
watchdog,1885258
patsy,1869768
notebook-shim,1858381
azure-keyvault-secrets,1847723
snowballstemmer,1841861
tensorboard-data-server,1839496
sentencepiece,1834535
shapely,1824205
google-cloud-logging,1814067
azure-storage-queue,1806772
kafka-python,1801949
flask-login,1801258
typing,1800991
pip-tools,1799763
multiprocess,1797292
pandocfilters,1796667
fire,1794664
identify,1783612
argon2-cffi,1778011
pygithub,1776269
ipywidgets,1775786
dataclasses-json,1767263
pycrypto,1760895
widgetsnbextension,1760101
asttokens,1758112
markdown-it-py,1753642
enum34,1748491
flask-session,1737687
pytest-mock,1737318
pytest-runner,1730746
executing,1727276
mdit-py-plugins,1721277
jupyterlab-pygments,1715118
terminado,1707938
opencensus-ext-azure,1706038
nodeenv,1704053
fuzzywuzzy,1695194
flask-jwt-extended,1693664
delta-spark,1691063
huggingface-hub,1688417
stack-data,1684115
cfgv,1682807
ijson,1680357
semver,1677946
pandas-gbq,1673189
argon2-cffi-bindings,1672597
zeep,1672490
stringcase,1669873
tensorflow-metadata,1668142
inflection,1658557
build,1656960
gevent,1656782
google-cloud-bigtable,1652171
click-plugins,1651554
pre-commit,1650252
python-json-logger,1647913
mdurl,1645220
prettytable,1639718
apache-airflow-providers-common-sql,1634542
tldextract,1631665
azure-mgmt-storage,1626787
prometheus-flask-exporter,1617977
python-http-client,1617504
cachelib,1616145
grpcio-tools,1616054
shap,1610903
blinker,1603586
deepdiff,1602844
wsproto,1593034
dask,1583290
constructs,1581500
torchvision,1580514
youtube-dl,1578857
apache-beam,1575875
authlib,1573876
pure-eval,1570084
astunparse,1569350
virtualenv-clone,1568949
azure-cosmos,1551816
keras-preprocessing,1551391
linkify-it-py,1548760
google-cloud-spanner,1547364
faker,1539066
brotli,1538830
azure-datalake-store,1530694
aiofiles,1529638
gcsfs,1523544
pipenv,1516568
pytest-xdist,1512609
uc-micro-py,1507670
python-jose,1506154
typeguard,1504089
pydata-google-auth,1503267
jupyterlab-widgets,1499446
unicodecsv,1496340
stevedore,1490238
execnet,1482375
opencv-python,1481984
azure-mgmt-keyvault,1472906
great-expectations,1470717
lightgbm,1469651
cron-descriptor,1468662
db-dtypes,1465245
pathlib2,1464772
azure-storage-file-datalake,1459635
hpack,1459507
antlr4-python3-runtime,1458096
argparse,1457232
sklearn,1446391
azure-keyvault,1435896
pycountry,1435533
sendgrid,1435317
imagesize,1432622
hyperframe,1431254
kombu,1429511
h2,1424862
google-cloud-datastore,1423228
azure-eventhub,1420638
orjson,1414374
amqp,1412784
astor,1412663
keep-alive,1410838
scandir,1407988
outcome,1406365
slicer,1404554
trio,1400979
azure-mgmt-authorization,1397919
pywavelets,1392146
azure-mgmt-containerregistry,1384957
ecdsa,1383945
azure-graphrbac,1379761
celery,1375892
moto,1369487
setproctitle,1368543
python-magic,1363624
slackclient,1362850
email-validator,1361842
alabaster,1361773
convertdate,1352516
knack,1351076
google-cloud-compute,1350860
holidays,1348226
vine,1345939
parsedatetime,1344959
pydot,1343635
pymeeus,1332910
zope-event,1330691
korean-lunar-calendar,1326044
avro,1323378
google-cloud-vision,1322411
atomicwrites,1321726
sshtunnel,1316231
configupdater,1299082
trio-websocket,1298235
scikit-image,1293863
tensorflow-io-gcs-filesystem,1289759
types-requests,1287330
azure-keyvault-keys,1287066
sphinxcontrib-serializinghtml,1279631
aws-sam-translator,1277909
billiard,1276410
freezegun,1261752
nose,1251688
motor,1245541
djangorestframework,1244589
pymssql,1243313
sphinxcontrib-htmlhelp,1239684
types-urllib3,1239340
sphinxcontrib-jsmath,1237923
sphinxcontrib-applehelp,1236935
sphinxcontrib-devhelp,1236557
sphinxcontrib-qthelp,1236335
pyserial,1227019
docstring-parser,1212480
coloredlogs,1209270
libclang,1201438
types-toml,1198096
google-cloud-aiplatform,1185667
pyproj,1184660
dynaconf,1177558
tox,1177488
semantic-version,1172610
hijri-converter,1170452
google-cloud-monitoring,1165569
ordered-set,1156964
azure-mgmt-nspkg,1156660
google-cloud-appengine-logging,1155085
junit-xml,1154771
xlwt,1154259
google-cloud-pubsublite,1153570
flask-cors,1152874
keras-applications,1152804
graphframes,1145735
dateparser,1142787
maxminddb,1141582
mysqlclient,1138447
ansible,1135294
kfp,1118666
crcmod,1110933
azure-cosmosdb-table,1109146
jira,1108181
tensorflow-hub,1106836
gensim,1103085
azure-mgmt-datalake-nspkg,1101317
mypy-boto3-rds,1099578
fasteners,1094317
tfx-bsl,1091922
simple-salesforce,1088962
pathos,1087433
ua-parser,1086429
overrides,1086061
python-levenshtein,1082811
kfp-server-api,1082036
azureml-dataprep,1081843
strip-hints,1081029
geopy,1078686
spacy,1075705
apispec,1074971
tensorflow-transform,1072077
azure-mgmt-network,1070598
httptools,1068092
locket,1064715
partd,1061978
mypy-boto3-appflow,1060483
geoip2,1057608
azure-cosmosdb-nspkg,1055807
apache-airflow-providers-http,1055088
hdfs,1052800
zstandard,1051120
pytest-asyncio,1048068
flask-sqlalchemy,1044970
marshmallow-sqlalchemy,1043472
tblib,1042966
python-gnupg,1036777
datetime,1035325
pox,1025922
azure-data-tables,1025868
python-editor,1024887
pytimeparse,1022997
pytest-forked,1019838
ppft,1019602
google-cloud-firestore,1016588
pyperclip,1014252
iso8601,1008068
kfp-pipeline-spec,1007934
types-pyyaml,1007059
ipaddress,1003177
starkbank-ecdsa,1003081
ndg-httpsclient,999935
databricks-sql-connector,995930
google-cloud,994955
azure-servicebus,981651
thinc,981458
schema,979524
phonenumbers,972427
flask-caching,970908
pywin32,968997
sqlalchemy-utils,966753
netaddr,965522
netifaces,965163
lz4,955999
rapidfuzz,955205
azure-cli-core,954087
ratelimit,952726
humanize,949610
protobuf3-to-dict,949536
texttable,949241
loguru,947276
datasets,946482
jpype1,945849
deprecation,944872
smdebug-rulesconfig,942641
pybind11,939771
shortuuid,938539
srsly,935411
checkov,934226
azure-kusto-data,930243
murmurhash,929892
apscheduler,929605
graphql-core,925836
distributed,924470
jdcal,921440
blis,917409
azure-mgmt-datalake-analytics,915794
structlog,913674
cymem,912379
promise,911840
tifffile,907950
azure-mgmt-compute,907436
wasabi,905664
google-cloud-kms,901731
munch,897263
azure-mgmt-datalake-store,896983
invoke,894998
preshed,892727
databricks-api,887439
azure-mgmt-datafactory,882510
configargparse,882218
pyhcl,881547
google-ads,877994
aniso8601,873984
python-daemon,873649
cligj,873104
pypdf2,870506
pyhive,867303
setuptools-git,864900
flask-babel,863434
readme-renderer,862504
pika,862288
cssselect,858952
scp,856120
geographiclib,849703
pydub,847862
inflect,839856
imbalanced-learn,839161
aws-xray-sdk,838686
opentelemetry-sdk,838186
natsort,833602
parameterized,830214
validators,826778
catalogue,826083
apache-airflow-providers-amazon,824027
tensorflow-text,821298
pydeequ,814056
hypothesis,813098
statsd,812356
ephem,812136
cmdstanpy,810947
objsize,808333
click-didyoumean,808080
qtpy,806099
jupyter-console,805583
uritools,804935
sacremoses,804934
opentelemetry-api,802949
twine,800707
sh,798122
click-repl,794901
makefun,792735
imageio-ffmpeg,792046
incremental,790559
jupyter,790515
google-cloud-container,790169
jsondiff,789918
qtconsole,789614
pypandoc,788978
google-cloud-language,788830
azure-batch,785773
bokeh,785150
google-cloud-dataproc,784355
google,783125
pytest-metadata,782127
cheroot,782116
wtforms,781782
yt-dlp,771080
sphinx-rtd-theme,770026
cerberus,767184
hstspreload,766568
azure-keyvault-certificates,764830
azure-mgmt-cosmosdb,763035
twisted,760718
lunarcalendar,760715
parse,758066
nvidia-cudnn-cu11,756313
nvidia-cublas-cu11,755100
google-cloud-resource-manager,752514
nvidia-cuda-runtime-cu11,751294
nvidia-cuda-nvrtc-cu11,748253
azure-mgmt-containerinstance,748200
azure-mgmt-monitor,748040
sasl,747415
python-gitlab,744829
azure-eventgrid,744227
azure-cli-telemetry,741464
azure-mgmt-recoveryservices,738957
azure-mgmt-msi,737972
mypy-boto3-redshift-data,737439
levenshtein,736921
python-multipart,735210
azure-mgmt-sql,733201
azureml-dataset-runtime,732319
aws-requests-auth,730965
funcsigs,730236
tableauserverclient,729704
monotonic,728682
fiona,728541
prison,727556
discord-py-self,726116
pytorch-lightning,724916
multi-key-dict,724032
azure-mgmt-web,723387
resampy,721877
azure-mgmt-batch,721456
polling,721451
cx-oracle,720736
azureml-pipeline,720049
azure-mgmt-signalr,719843
azure-mgmt-rdbms,717327
google-cloud-videointelligence,716821
azure-mgmt-dns,716455
pygeohash,716060
azure-mgmt-containerservice,715863
python-jenkins,713873
azure-mgmt-trafficmanager,712230
azure-mgmt-cdn,711832
azure-mgmt-redis,710616
googletrans,708870
azure-mgmt-iothub,707087
azure-mgmt-eventhub,706923
hiredis,706569
azure-mgmt-loganalytics,706438
pytest-html,705284
replit,704383
django-cors-headers,703805
singledispatch,703616
azure-mgmt-devtestlabs,702993
azure-mgmt-servicebus,702978
apache-airflow-providers-google,702055
mpmath,701156
ddtrace,700547
azure-mgmt-marketplaceordering,699055
azure-mgmt-cognitiveservices,698959
azure-mgmt-recoveryservicesbackup,698669
pyudev,697972
geopandas,697911
azure-mgmt-search,696759
requests-mock,695532
google-cloud-tasks,693284
azure-kusto-ingest,691554
azure-mgmt-eventgrid,689772
configobj,689634
azure-mgmt-applicationinsights,688339
docker-pycreds,687658
google-cloud-audit-log,687036
azure-mgmt-billing,685852
aws-psycopg2,685771
azure-mgmt-media,685564
azure-mgmt-iothubprovisioningservices,685239
sympy,684873
azure-mgmt-servicefabric,683117
ninja,683107
azure-mgmt-managementgroups,682579
azure-mgmt-advisor,682562
zope-deprecation,682165
azure-mgmt-batchai,682152
user-agents,681339
azure-mgmt-consumption,680692
sqlalchemy-redshift,680503
azure-mgmt-relay,679820
webob,677739
yamllint,677271
pystan,676237
azure-mgmt-policyinsights,674258
azure-mgmt-iotcentral,673529
azure-loganalytics,673412
azure-mgmt-datamigration,671101
azure-mgmt-maps,670528
dbt-core,669370
idna-ssl,669053
google-cloud-datacatalog,667218
pathlib,665316
backports-weakref,663320
moviepy,663249
spark-nlp,663021
bandit,660253
proglog,659053
autopep8,657492
catboost,646516
pyhocon,646134
jaydebeapi,645581
ftfy,645112
azureml-dataprep-rslex,642932
waitress,639195
django-filter,637188
pytest-timeout,637144
fabric,635415
pathy,634706
azure-storage-file,634001
sqlalchemy-json,633824
voluptuous,633791
installer,632610
backports-tempfile,629861
magicattr,629325
google-cloud-bigquery-datatransfer,628929
pastel,626904
hyperlink,620995
google-cloud-workflows,620553
feedparser,620524
ntlm-auth,618841
automat,618726
sarif-om,618536
ipdb,616383
azure-cli,613254
boto3-stubs,612465
omegaconf,612418
python-docx,611128
resolvelib,610586
urlextract,610291
elasticsearch-dsl,610142
jikanpy,608607
ezfnsetup,608269
jschema-to-python,607833
spacy-legacy,604791
numexpr,604398
types-pytz,603772
azure-mgmt-reservations,603050
google-cloud-automl,602520
torchmetrics,602052
randomstuff-py,598349
clikit,595737
azureml-sdk,594853
pathtools,593014
pdfminer-six,592389
ciso8601,592060
google-cloud-redis,591432
fastparquet,591190
sekkaybot,590250
google-cloud-os-login,586929
passlib,586625
jellyfish,585283
jinja2-time,584128
agate,583330
dpath,582207
pydocstyle,580235
google-cloud-build,578886
constantly,577711
apache-airflow-providers-mysql,577499
aiosqlite,577415
tensorboardx,576501
keyrings-google-artifactregistry-auth,575621
apache-airflow-providers-cncf-kubernetes,574708
azure-storage-file-share,570974
sgmllib3k,567835
tld,566994
zc-lockfile,566864
azure-storage,565634
strict-rfc3339,565410
openapi-spec-validator,565402
cookiecutter,564229
langcodes,563537
ansible-core,562272
pyaes,560834
yapf,559491
leather,558287
binaryornot,557141
osqp,555523
apache-airflow-providers-snowflake,554317
logbook,553558
emoji,551707
jaraco-functools,551316
bitarray,549797
mashumaro,549716
boltons,548933
xxhash,547063
oldest-supported-numpy,545882
requests-ntlm,545814
datadog-api-client,544998
pytest-rerunfailures,544902
sqlalchemy-jsonfield,544069
google-cloud-memcache,543056
types-setuptools,542316
azure-appconfiguration,540457
opentelemetry-semantic-conventions,537736
flask-compress,537310
thrift-sasl,536523
supervisor,534233
gql,533050
azureml-telemetry,532014
spacy-loggers,531885
azureml-pipeline-core,531257
hologram,530156
findspark,530052
service-identity,528020
pypika,527967
types-python-dateutil,525761
redis-py-cluster,524692
faiss-cpu,523588
python-consul,521937
minimal-snowplow-tracker,518502
factory-boy,517246
looker-sdk,517103
sentence-transformers,516976
dbt-extractor,516126
frozendict,514325
w3lib,513836
schedule,512129
pycares,511832
cramjam,511817
clickclick,511675
python-snappy,511014
update-checker,510575
marshmallow-oneofschema,510500
xarray,509845
heapdict,508583
pycurl,508458
zict,505502
apache-airflow-providers-slack,505411
python3-openid,501636
azureml-pipeline-steps,500396
twilio,499027
cmd2,498373
h3,497395
pyaml,497207
cherrypy,496717
urllib3-secure-extra,496472
influxdb,494099
mmh3,494050
construct,494036
mypy-boto3-s3,493854
aiodns,492899
cliff,492895
azureml-train-automl-client,490064
elastic-transport,483777
google-cloud-orchestration-airflow,480360
enum-compat,479491
repoze-lru,479206
mergedeep,478114
terminaltables,477085
google-cloud-dataproc-metastore,476288
google-cloud-dataplex,475534
fake-useragent,473946
flower,473205
asyncpg,473018
tempora,471249
json-merge-patch,470933
opencv-python-headless,470099
eth-hash,469887
django-extensions,469565
testpath,468961
geomet,468453
watchfiles,468002
setuptools-rust,467495
zigpy,467116
backports-functools-lru-cache,466959
azureml-train-core,466613
pyrfc3339,466166
cmake,464801
optuna,461685
apache-airflow-providers-postgres,461582
unittest-xml-reporting,460925
atlassian-python-api,460887
django-storages,460152
elementpath,459887
msgpack-python,459298
gsutil,458694
apache-airflow-providers-ssh,458526
mysql-connector,457462
newrelic,456794
tgcrypto,456385
botocore-stubs,455151
cytoolz,454913
ifaddr,454449
swagger-ui-bundle,454416
prophet,454077
portend,452798
collections-extended,452543
javaproperties,451310
zthreading,447578
pgpy,446397
cassandra-driver,444833
backports-cached-property,444506
autopage,443754
scapy,441779
onnx,441706
pyelftools,439564
jupyterlab-server,439507
gspread-dataframe,439146
jaraco-text,437194
bitstring,435943
jaraco-context,434218
zeroconf,433996
flask-admin,433941
json5,432420
jaraco-collections,432135
docker-compose,431391
ray,430874
apache-airflow-providers-ftp,430666
xmlschema,430575
coreapi,427671
dotnetcore2,427563
itypes,426768
bottle,426564
coreschema,425688
pycairo,425193
blessed,423967
apache-airflow-providers-sqlite,422840
azure-multiapi-storage,421439
pyrogram,420809
apache-airflow-providers-imap,420457
bracex,420372
pymsteams,420132
pastedeploy,419870
pyotp,419724
azure,418655
rx,418194
mlxtend,415289
reportlab,414678
s3cmd,414518
pyhamcrest,413358
onnxruntime,413311
types-protobuf,412884
discord-webhook,412093
jupyterlab,412079
portpicker,409863
cfn-flip,408940
autocommand,408906
backports-csv,407756
koalas,406135
google-apitools,404084
azure-mgmt-subscription,401765
youtube-search-python,401555
appnope,401388
azure-synapse-spark,401162
timezonefinder,399886
grpcio-reflection,398052
opentelemetry-proto,397578
google-cloud-dataform,397433
google-cloud-translate,396725
venusian,396177
mkdocs-material,395367
hupper,394869
pure-sasl,393087
pytest-django,392361
curlify,391922
pyee,390398
kazoo,390228
raven,389595
azure-mgmt-hdinsight,389245
timeout-decorator,388481
azureml-dataprep-native,388421
toposort,386411
pygobject,386323
opentracing,386156
azure-mgmt-privatedns,386025
azure-mgmt-sqlvirtualmachine,385766
aioredis,385716
grpcio-gcp,385284
hyperopt,385256
lark,382640
azure-mgmt-netapp,382455
openapi-schema-validator,381403
orderedmultidict,380271
pyramid,380244
azure-mgmt-apimanagement,379889
pkgconfig,379240
parse-type,378252
translationstring,378167
azure-mgmt-security,378087
flask-openid,377984
azure-mgmt-managedservices,377623
cmaes,376612
azure-synapse-artifacts,376296
azure-mgmt-kusto,376064
azure-mgmt-appconfiguration,375955
pattern,375920
azure-mgmt-synapse,375586
ccxt,375185
dacite,374655
django-debug-toolbar,374645
graphene,373399
azure-mgmt-botservice,372617
azure-mgmt-imagebuilder,372576
opentelemetry-instrumentation,372304
pep8-naming,372030
plaster,371694
azure-mgmt-redhatopenshift,370826
plaster-pastedeploy,370433
pandasql,370299
fbprophet,369607
einops,369400
azure-mgmt-deploymentmanager,368974
azure-synapse-accesscontrol,368555
graphql-relay,368276
azure-keyvault-administration,368133
pydeprecate,366954
confection,366856
dvc,364736
azure-mgmt-databoxedge,364721
wcmatch,364244
requests-futures,363899
dockerpty,363769
azure-mgmt-extendedlocation,362626
flake8-bugbear,361665
azure-mgmt-servicefabricmanagedclusters,361334
stripe,361278
azure-synapse-managedprivateendpoints,359798
spark-sklearn,358961
azure-mgmt-servicelinker,358894
asyncio,358736
subprocess32,358201
apache-airflow-providers-databricks,357953
discord-py-slash-command,356433
crccheck,356399
atlassian-jwt-auth,354648
ldap3,353651
pmdarima,350666
netcdf4,350162
multipledispatch,349231
pyspnego,349154
types-awscrt,348937
plac,347865
slacker,347613
wandb,347422
google-cloud-trace,346714
cdk-nag,346379
pydash,346086
parsel,344486
prawcore,344435
py-cpuinfo,342500
clickhouse-driver,342454
jsonlines,341899
diskcache,341481
immutables,340748
types-cryptography,340003
opentelemetry-util-http,339876
cftime,339833
flask-swagger,339224
minio,338994
yq,338433
azure-devops,338241
azure-mgmt,337384
whitenoise,336832
django-redis,336267
robotframework,336160
comtypes,335905
pynamodb,335675
langdetect,333156
vcrpy,332840
furl,332329
mlflow-skinny,331876
webdriver-manager,331257
aws-sam-cli,329484
htmlmin,329280
filetype,328730
pygsheets,328676
haversine,327356
timm,326924
python-box,326890
azure-servicemanagement-legacy,325473
types-six,325429
mutagen,325085
python-miio,324901
azure-mgmt-logic,324295
concurrent-log-handler,323864
deltalake,323265
uuid,323239
lru-dict,322424
wget,321932
dbx,321794
azure-mgmt-notificationhubs,321291
expiringdict,320889
azure-mgmt-scheduler,320424
uwsgi,319936
python-socketio,319003
distribute,318852
azure-servicefabric,318794
pyramid-mako,318208
salesforce-bulk,317030
qrcode,316716
pyramid-jinja2,316073
paho-mqtt,315862
pyramid-debugtoolbar,315860
android-backup,314461
flask-restful,313950
pystache,313897
python-engineio,312985
micloud,312842
azure-mgmt-commerce,312733
azure-mgmt-powerbiembedded,312275
azure-mgmt-hanaonazure,311729
azure-mgmt-managementpartner,311365
pyserial-asyncio,311353
azure-mgmt-machinelearningcompute,311207
office365-rest-python-client,311123
js2py,310646
azure-applicationinsights,310034
flatten-json,309932
praw,309592
grpcio-health-checking,309526
acryl-datahub,309119
pywinauto,309007
scrapy,308820
kaleido,308675
tablib,308361
pympler,308140
addict,307894
base58,307292
imagehash,306887
pydispatcher,306198
funcy,306046
facebook-business,305938
pyvmomi,305315
cssselect2,303885
sshpubkeys,303661
sqlalchemy-bigquery,303466
gym,303443
queuelib,303438
dbt-postgres,301496
contextvars,301472
opentelemetry-exporter-otlp-proto-http,300442
azure-mgmt-devspaces,300184
opentelemetry-exporter-otlp-proto-grpc,299588
colour,298461
librosa,297451
drf-yasg,297210
eth-utils,295917
azureml-widgets,295706
python-nvd3,294359
cerberus-python-client,294022
audioread,291601
pytest-localserver,291333
fasttext,289544
tensorflow-addons,289399
ddsketch,287904
click-default-group,287703
pyusb,286686
pytest-random-order,285365
pyfarmhash,285161
youtube-search,284675
mypy-protobuf,284519
pyxlsb,282403
bytecode,282108
pyvirtualdisplay,282006
pyorc,281517
rasterio,281389
pipdeptree,280505
trino,279844
python-keystoneclient,279363
rtree,279031
easyprocess,278907
filterpy,278890
jproperties,278551
spotipy,278487
jsii,278105
fhempy,276836
yeelight,276419
click-log,275195
tensorflow-datasets,275103
google-cloud-speech,274826
aws-lambda-powertools,274396
watchgod,274368
mypy-boto3-dynamodb,274227
django-environ,273734
deepmerge,273047
mkdocs,272876
pymediainfo,272409
flake8-polyfill,272376
dicttoxml,271758
dictdiffer,271688
pynvml,271608
html2text,271559
pyhumps,271370
boto3-type-annotations,271356
affine,271233
gtts,271060
simplegeneric,270781
suds-jurko,269620
yappi,269482
python-crfsuite,269474
azure-cli-nspkg,269144
peewee,269119
cloudevents,269079
dm-tree,268110
jwcrypto,266380
safety,265778
parsimonious,265612
google-cloud-recommendations-ai,265146
bitmath,263674
smbprotocol,263564
nox,263343
astropy,262853
intervaltree,262668
firebase-admin,262287
snakebite-py3,262217
pyexecjs,261875
tweepy,261776
slack-bolt,261462
snuggs,260890
pytest-env,260607
plumbum,260310
flake8-docstrings,259650
yamale,258923
arviz,258672
gitdb2,258325
avro-gen,258112
jsonpath-rw,257992
oyaml,257200
annoy,257085
shellescape,256430
dparse,256083
autoflake,255655
googlemaps,255549
linecache2,255434
eth-typing,255040
pywin32-ctypes,254201
naked,253744
opsgenie-sdk,253397
pyload-ng,253239
jsonmerge,252991
chevron,252654
presto-python-client,252574
traceback2,252417
geventhttpclient,251527
fakeredis,251174
flask-themes2,250710
eventlet,250221
launchdarkly-server-sdk,248236
ffmpeg,247928
pymdown-extensions,246997
accelerate,246504
dbt-snowflake,246465
pandas-profiling,246235
json-log-formatter,246134
datadog-logger,245663
fusepy,244786
azureml-mlflow,244393
nested-lookup,244229
telethon,243989
google-cloud-texttospeech,243118
functions-framework,242698
boa-str,242493
lightning-utilities,242403
analytics-python,241355
foundationdb,241353
azure-storage-nspkg,241298
us,240844
python-decouple,240663
python-telegram-bot,240631
apache-airflow-providers-sftp,240549
streamlit,240265
python-pam,239912
envier,239624
ratelimiter,239495
yellowbrick,239312
papermill,238892
num2words,238638
ansible-lint,237860
commentjson,237642
junitparser,237266
sseclient-py,237167
xmlsec,236880
ghp-import,236609
crypto,236341
unittest2,235888
sparkmeasure,235345
cchardet,235297
gradio,235131
c7n,234390
types-dataclasses,234145
lark-parser,233916
aiohttp-cors,233881
python-pptx,233803
eth-abi,233203
djangorestframework-simplejwt,233031
ws4py,232925
clang,232854
pygit2,232823
googleads,232517
diff-cover,232428
dependency-injector,232291
python-swiftclient,231303
dash,231263
py-spy,231164
wordcloud,230759
allure-python-commons,230548
pyyaml-env-tag,230217
pylint-plugin-utils,229787
functools32,229640
autograd,229588
sanic,229518
branca,228823
autobahn,228389
cssutils,228187
hydra-core,227350
opentelemetry-instrumentation-asgi,227153
apache-airflow-providers-microsoft-mssql,226361
textblob,225966
flask-bcrypt,225683
tensorflow-data-validation,225580
flask-migrate,225136
pyppeteer,224961
python-crontab,224627
soundfile,224098
pyqt5,223851
flake8-comprehensions,223659
web3,223587
pyquery,223434
blessings,222739
pygame,222679
tableauhyperapi,222318
behave,222066
types-redis,221801
codecov,221616
pyformance,221002
tokenize-rt,220980
mypy-boto3-glue,220489
opentelemetry-exporter-otlp,219986
pymemcache,219105
sqlalchemy2-stubs,218913
mixpanel,218387
braceexpand,218240
dash-core-components,218026
pyerfa,217946
altgraph,216678
pytest-custom-exit-code,216144
dash-html-components,215926
gorilla,215847
pydeck,215841
types-s3transfer,215455
appium-python-client,215254
pdpyras,214816
olefile,214707
bidict,214193
django-timezone-field,213507
types-mock,213352
dash-table,213281
django-model-utils,213015
category-encoders,212920
pyfiglet,212848
azureml-train-restclients-hyperdrive,212280
azureml-automl-core,210923
locust,210445
ansiwrap,210188
folium,210105
mongoengine,209427
pyinstaller,209277
dynamodb-json,208584
ecos,208536
mkdocs-material-extensions,208131
pylint-django,207912
c7n-org,207582
python3-saml,207290
ndjson,205656
bz2file,205563
dirac,205424
discum,205403
colorful,205375
dj-database-url,204964
pint,204919
tb-nightly,204898
qds-sdk,204727
pytest-repeat,203871
flask-basicauth,203346
kornia,203342
python-rapidjson,203310
flask-oidc,203206
fs,202223
eth-rlp,202201
eth-keys,201718
poyo,201604
textwrap3,201405
ffmpeg-python,201276
gcloud-aio-auth,201151
fpdf,200957
zha-quirks,200836
pyphen,200647
apache-airflow-backport-providers-amazon,199523
types-simplejson,199307
allure-pytest,198811
pyluach,198598
pykwalify,197857
asyncssh,196703
python-ldap,196363
opencensus-ext-stackdriver,196288
cvxpy,196226
flake8-isort,195690
utils,195478
geojson,195324
ffmpy,195280
visions,195240
scs,195170
umap-learn,194931
pep8,194918
iso3166,194839
cbor2,194698
hexbytes,194184
yacs,194091
dbutils,193899
boxsdk,193458
phik,193220
pycaret,193062
marshmallow-dataclass,192833
bellows,192243
pprintpp,192225
flask-socketio,191678
pandas-stubs,191592
pytest-sugar,191491
intelhex,191472
tf-estimator-nightly,191467
rlp,191443
smmap2,191256
teradatasql,190674
eth-keyfile,190376
webcolors,190035
tensorflow-cpu,189955
tables,189919
checksumdir,189603
pyminizip,189077
django-appconf,188799
click-option-group,188793
parallel-ssh,188634
glob2,188501
install,188479
diff-match-patch,188307
gpustat,188287
face,188115
zigpy-zigate,188001
glom,187745
pynndescent,187653
pyqt5-sip,187140
databricks-connect,187111
azureml-contrib-services,187024
duckdb,186946
conan,186608
thefuzz,186595
ml-metadata,186419
datasketch,186059
signalfx,185895
mypy-boto3-secretsmanager,184832
flashtext,184686
hdbcli,184498
zigpy-deconz,184154
pywinrm,184089
tensorflow-probability,183755
expandvars,183753
rfc3987,183667
qdldl,182865
readchar,182728
xmodem,182638
zigpy-xbee,182581
pyldavis,182578
tensorflow-model-analysis,181917
image,181340
probableparsing,181130
pyinstaller-hooks-contrib,180850
tangled-up-in-unicode,180726
eth-account,180105
priority,179917
mypy-boto3-lambda,179888
opencv-contrib-python,179718
gdown,179687
backports-ssl-match-hostname,179558
azureml-designer-serving,179317
django-celery-beat,179202
varint,178895
zigpy-znp,178792
questionary,178671
nvidia-ml-py,178056
pure-pcapy3,177951
dogpile-cache,177744
flaky,177728
pyinotify,177326
multimethod,177263
jieba,177209
gpiozero,177175
colorzero,177126
altair-data-server,177097
altair-viewer,177026
stackprinter,176306
autowrapt,176015
python-benedict,175331
altair-saver,175236
flatten-dict,174779
usaddress,173737
pycocotools,173683
pooch,173630
types-markupsafe,173528
anytree,173264
sacrebleu,172925
jsonref,172879
pandera,172115
rdflib,171972
types-jinja2,171865
multiaddr,171603
hatchling,171504
genson,171407
singleton-decorator,171114
google-cloud-dataflow-client,170915
pytesseract,170867
oci,170758
fairscale,170534
scikit-optimize,170226
myst-parser,169949
url-normalize,169608
zipfile38,169323
python-logstash,168858
recommonmark,168793
pyzstd,168393
itemadapter,168174
cloudformation-cli,168073
avro-gen3,167738
warcio,167636
keras-tuner,167084
path,167048
rq,167047
aiohttp-retry,167012
flake8-black,166976
diffusers,166788
markdown2,166639
cloudformation-cli-java-plugin,166534
pamqp,166533
typish,166463
pulp,166169
txaio,165820
tensorflow-gpu,165627
cloudformation-cli-python-plugin,165219
protego,165200
ipfshttpclient,165198
cloudformation-cli-go-plugin,165151
stldecompose,165084
flake8-builtins,165069
types-paramiko,164969
ssh2-python,164962
testfixtures,164958
cloudformation-cli-typescript-plugin,164824
aws-encryption-sdk,164693
pydevd,164617
cairocffi,164397
itemloaders,164105
universal-pathlib,163921
influxdb-client,163638
pyppmd,162724
pandarallel,162617
fastprogress,162594
opentelemetry-instrumentation-requests,162466
torchdiffeq,162451
tbb,161999
pymannkendall,161904
elastic-apm,161890
pypiwin32,161250
boostedblob,161245
publication,161125
django-import-export,160957
weasyprint,160787
webargs,160675
shareplum,160212
apache-sedona,160067
robotframework-requests,160004
backports-entry-points-selectable,160001
crayons,159999
splunk-sdk,159836
pyqt5-qt5,159789
inquirer,159139
opentelemetry-instrumentation-sqlalchemy,159026
drf-spectacular,158885
falcon,158813
dbt-redshift,158568
blobfile,158136
oslo-utils,158014
fastcore,158013
setuptools-git-version,157657
click-spinner,157567
lmdb,157493
immutabledict,157443
premailer,157145
multivolumefile,157003
django-crispy-forms,156964
atpublic,156634
logzio-python-handler,155920
sphinx-autodoc-typehints,155915
robotframework-seleniumlibrary,155817
pyod,155716
pycron,155693
cloudscraper,155564
django-simple-history,155374
tensorflow-io,155335
sentinels,154829
codeowners,154792
gluoncv,154656
editables,154515
social-auth-core,154108
scikit-plot,154081
pygtrie,154048
environs,153903
smartsheet-python-sdk,153634
webrtcvad-wheels,153628
gprof2dot,153456
jax,153320
basictracer,153186
beautifulsoup,152916
py3amf,152537
autosemver,152536
slack,152404
surt,152196
cdxj-indexer,151946
python-arango,151776
gcloud-aio-storage,151513
cairosvg,150784
pybcj,150583
mongomock,150543
odfpy,150539
j2cli,150517
pytest-randomly,149804
flit-core,149543
anyconfig,149393
aliyun-python-sdk-core,149134
opentelemetry-instrumentation-botocore,149053
oslo-config,148964
uptime,148703
log-symbols,148401
playwright,148197
kaldi-io,148197
textgrid,148137
bump2version,147994
instana,147923
opentelemetry-instrumentation-aiohttp-client,147840
python-memcached,147836
pytest-json-report,147595
pyarmor,147575
tink,147386
workflow,147378
types-freezegun,147370
aiokafka,147274
nvidia-ml-py3,147256
pytube,147040
pefile,146973
rope,146943
pythran,146275
intel-openmp,146262
memory-profiler,146163
prefect,146002
jq,145947
py7zr,145883
pydoe,145669
mypy-boto3-cloudformation,145660
editdistance,145397
wikipedia,145160
django-ipware,145101
paste,145067
mypy-boto3-stepfunctions,144957
python-lsp-jsonrpc,144234
django-allauth,143951
vertica-python,143519
aws-lambda-builders,143484
fysom,143428
pytest-bdd,143330
onnxconverter-common,143287
albumentations,143169
disnake,143073
pydrive,143006
packageurl-python,142492
imblearn,142358
nextcord,142263
apache-airflow-providers-apache-spark,141924
attrdict,141782
beniget,141674
pdfkit,141224
jsonpath-rw-ext,141009
pwlf,141002
dropbox,140936
pulumi,140652
redlock-py,140579
mkl,140446
opentelemetry-instrumentation-fastapi,140387
missingpy,140281
django-stubs,140129
ec2-metadata,140088
pluginbase,140009
pyxb,139971
pathvalidate,139925
py-tgcalls,139919
meson,139620
skl2onnx,139051
flask-restx,138577
cloud-sql-python-connector,138543
keystoneauth1,138267
pybase64,138223
luigi,138079
gym-notices,137893
oslo-i18n,137611
pytest-ordering,137349
pytest-parallel,136788
pyscreeze,136766
aioboto3,136566
textdistance,135912
torchaudio,135778
types-docutils,135636
nose2,135589
apache-airflow-providers-mongo,135415
requests-cache,135377
azure-functions,135266
sql-formatter,135240
ordereddict,135194
jsons,135146
sphinx-copybutton,135081
oslo-serialization,135026
pretty-html-table,134530
opencensus-correlation,134425
dateformat,134415
geoalchemy2,134387
tensorflow-recommenders,134308
sqlfluff,134246
heroku3,134222
mailchecker,133908
jenkinsapi,133903
requests-html,133779
debtcollector,133750
kaitaistruct,133733
typing-compat,133411
pandas-datareader,133401
pdf2image,133210
quinn,133104
halo,133055
fastapi-utils,132830
spinners,132779
flake8-quotes,132776
gcloud-aio-bigquery,132613
wavelink,132284
shtab,132153
urwid,132012
azureml-train,131898
node-semver,131753
jinjasql,131661
imdbpy,131594
python-fsutil,131552
pyjarowinkler,131544
scrapy-selenium,131383
patch-ng,131214
nameparser,131055
oimbot,130900
colorclass,130866
hypercorn,130844
opencensus-ext-logging,130561
cyclonedx-python-lib,130450
swifter,130432
xyzservices,130398
hdbscan,130346
scrapy-splash,130281
channels,130113
types-pyopenssl,129912
validate-email,129883
testcontainers,129760
daphne,129517
python-socks,129502
molecule,129470
verboselogs,129398
nutter,129357
sqlalchemy-stubs,129261
pyshp,129216
pyautogui,129030
watergrid,129025
import-expression,129021
opentelemetry-instrumentation-grpc,128367
object-mapper,128233
aio-pika,127979
google-cloud-recaptcha-enterprise,127725
edgegrid-python,127603
flake8-bandit,127506
pywinpty,127281
biopython,127273
kedro,127127
prospector,127016
pytweening,126694
scrapyd-client,126335
django-phonenumber-field,126279
robotframework-pythonlibcore,126255
ansible-tower-cli,126235
licensing,126158
flask-marshmallow,126143
ssh-python,126041
pymsgbox,125949
pyxdg,125784
ansible-compat,125549
fernet,125335
reactivex,125090
pyre-extensions,124752
west,124736
scrapy-sentry,124653
yfinance,124523
circlify,124463
dotmap,123907
apache-airflow-providers-datadog,123820
asana,123806
social-auth-app-django,123728
jsmin,123582
humiolib,122876
pybytebuffer,122856
lunardate,122751
webtest,122628
config,122604
pyhdb,122595
subprocess-tee,122416
pyrect,122370
dohq-artifactory,122293
pymisp,122203
cxxfilt,122137
selenium-wire,122064
dominate,122018
python-stdnum,121960
o365,121912
python-can,121748
tabulator,121197
progress,121190
flask-httpauth,121186
pathlib-mate,121107
lpips,121061
roundrobin,120840
pysaml2,120784
userpath,120625
django-stubs-ext,120445
yaspin,120391
flatdict,120270
pysmb,120177
sql-metadata,120163
fixtures,119935
typepy,119911
iopath,119865
pytest-dependency,119673
azure-eventhub-checkpointstoreblob-aio,119483
django-celery-results,119431
flake8-broken-line,119147
mbstrdecoder,119104
tableschema,119048
pygetwindow,118818
aiormq,118677
holoviews,118636
dagster,118575
coveralls,118525
flufl-lock,118165
cinemagoer,118073
keras-resnet,118019
django-js-asset,117911
gcs-oauth2-boto-plugin,117837
func-timeout,117782
opencensus-ext-zipkin,117705
types-cachetools,117665
python-bidi,117532
livereload,117474
mypy-boto3-sts,117242
pytelegrambotapi,117206
opentelemetry-instrumentation-wsgi,117113
openstacksdk,117097
ortools,117026
pytest-benchmark,116835
mouseinfo,116810
missingno,116651
basicsr,116620
neo4j,116523
realesrgan,116519
types-tzlocal,116346
conjure-python-client,116285
retry-decorator,116128
policyuniverse,116123
sparqlwrapper,116087
google-reauth,115990
cronex,115935
pdoc3,115901
sanic-routing,115543
testtools,115410
keras-retinanet,115267
ghapi,114986
bottleneck,114966
hjson,114829
descartes,114656
gcovr,114474
pyfakefs,114439
linear-tsv,114325
robotframework-jsonlibrary,114090
artifacts-keyring,113850
mypy-boto3-sqs,113844
sudachipy,113703
python3-logstash,113700
types-jsonschema,113578
dockerfile-parse,113540
py-secure,113220
jaxlib,113095
neptune-client,112964
kt-legacy,112786
sphinxcontrib-websupport,112766
xmlrunner,112672
pantab,112657
facexlib,112452
evergreen-py,112232
python-certifi-win32,112073
property-manager,111797
ansicolors,111721
pytype,111561
ebcdic,111539
async-lru,111149
markuppy,110997
flake8-eradicate,110928
ptpython,110906
publicsuffixlist,110803
graypy,110620
flake8-debugger,110543
piexif,110064
flake8-print,110037
isoweek,110026
eradicate,109994
tzwhere,109842
random-user-agent,109656
extras,109580
pylink-square,109556
lime,109534
mercantile,109064
salesforce-fuelsdk,108926
keyrings-alt,108915
sqlglot,108913
python-hcl2,108874
kmodes,108782
resize-right,108575
pyinstrument,108558
treelib,108467
limits,108428
inject,108410
flake8-plugin-utils,108208
djangorestframework-jwt,107980
pytoml,107950
mangum,107915
confuse,107904
backports-shutil-get-terminal-size,107844
xarray-einstats,107775
aioconsole,107723
pydruid,107666
polib,107578
etils,107464
pyclipper,107417
marquez-python,107394
cbor,107378
interface-meta,107323
sphinxcontrib-mermaid,107203
fs-s3fs,107007
anyascii,107005
formulaic,106944
enrich,106911
pymupdf,106811
httpretty,106633
apache-airflow-providers-apache-hive,106502
django-widget-tweaks,106441
websocket,106369
robotframework-pabot,106236
logzero,106124
apache-airflow-providers-odbc,106119
importlab,106074
elasticsearch-dbapi,105989
clipboard,105917
mobly,105404
types-pygments,105378
sphinx-tabs,105335
kafka,105329
assertpy,105306
numpy-financial,105289
bigflow,105247
btrees,104868
json-logging,104786
wand,104694
geocoder,104638
pyu2f,104571
namedlist,104306
grandalf,104208
av,103977
github3-py,103894
multitasking,103842
gnupg,103835
pipx,103802
tableau-api-lib,103771
nanotime,103764
os-service-types,103596
polling2,103544
elasticsearch6,103510
click-help-colors,103502
chispa,103483
lightfm,103418
dedupe,103373
rpy2,103086
flask-talisman,103057
types-markdown,102583
pyathenajdbc,102461
oss2,102442
jishaku,102362
pkce,102277
ratelim,102265
auth0-python,102216
pyahocorasick,102188
ipaddr,102186
flask-oauthlib,102129
rcssmin,101890
pandas-market-calendars,101608
aws-cdk-lib,101577
pex,101574
tfx,101466
pickle5,101402
plaid-python,101269
restructuredtext-lint,101202
pyreadline,101023
pytest-lazy-fixture,100909
utm,100841
yarg,100821
pipreqs,100641
parsy,100611
newrelic-telemetry-sdk,100609
opentelemetry-propagator-aws-xray,100407
hashids,100320
dash-bootstrap-components,100310
policy-sentry,100200
python-redis-lock,100081
jsonformatter,100019
serverlessrepo,99881
aliyun-python-sdk-kms,99809
aiomultiprocess,99698
persistent,99568
alchemy-mock,99555
torchsde,99298
riot,99164
trampoline,99152
uszipcode,99117
mypy-boto3-iam,98988
sqlmodel,98772
boruta,98551
singer-python,98518
tinydb,98424
dagster-k8s,98321
etcd3,98125
igraph,98077
eli5,97894
datacompy,97871
lifelines,97573
recordclass,97447
pytest-aiohttp,97411
types-termcolor,97328
django-countries,97325
kconfiglib,97298
doit,97258
delighted,97249
clean-fid,97214
backports-abc,97032
opentelemetry-instrumentation-dbapi,96907
ml-pipelines-sdk,96902
thop,96895
libify,96876
metaphone,96678
gssapi,96567
swagger-spec-validator,96437
impyla,96364
sqlalchemy-mate,96351
ansible-base,96304
dpkt,96292
svglib,96209
autograd-gamma,96168
colorcet,96087
alarmageddon,96001
fluent-logger,95976
types-pymysql,95967
yattag,95950
colorlover,95901
dbt-bigquery,95877
rjsmin,95788
azureml-defaults,95647
bc-python-hcl2,95643
sortedcollections,95397
channels-redis,95263
panel,95123
argh,95090
gdal,95089
tensorflow-intel,95059
pikepdf,95042
jupyter-dash,95002
flask-mail,94600
doublemetaphone,94551
clickhouse-sqlalchemy,94549
seqeval,94435
opentelemetry-instrumentation-logging,94370
python-string-utils,94163
evidently,94124
h2o,94084
jaeger-client,94035
deep-merge,94022
troposphere,93929
django-health-check,93756
pytricia,93713
reportportal-client,93691
param,93501
versioneer-518,93444
tardis-client,93396
sgqlc,93389
bson,93383
xhtml2pdf,93322
speechrecognition,93101
dhooks,93005
mxnet,92811
exchange-calendars,92802
scikit-build,92785
psycopg,92652
json-delta,92597
thriftpy2,92502
aws-logging-handlers,92257
cloudsplaining,91654
netapp-ontap,91638
homeassistant,91620
pycld3,91611
selinux,91406
geoip2-tools,91200
azure-storage-logging,91152
langid,91139
maturin,91110
line-bot-sdk,91040
palettable,90854
aioopenssl,90699
aiosasl,90695
airflow-dbt,90663
imutils,90638
openshift,90510
imgaug,90484
wincertstore,90438
sqlparams,90347
pyquaternion,90266
reedsolo,90227
whichcraft,90162
tardis-dev,90011
flake8-use-fstring,89964
pytest-instafail,89895
requirements-parser,89847
ddt,89592
pyenchant,89339
json2html,89305
bridgecrew,89305
opentelemetry-instrumentation-aws-lambda,89285
google-cloud-error-reporting,89274
molecule-docker,89270
types-tabulate,89203
threadloop,89069
stdlib-list,88929
scan-build,88873
adlfs,88848
pyreadline3,88825
pydocumentdb,88799
requestsexceptions,88794
udatetime,88742
pylint-celery,88729
pandavro,88693
mesh-client,88635
glances,88633
bayesian-changepoint-detection,88602
flake8-tidy-imports,88598
bumpversion,88500
flake8-simplify,88488
pydicom,88456
pytest-clarity,88260
pygdbmi,88125
frida,88051
jsonschema-spec,87984
cpuset-py3,87976
pygments-style-tomorrow,87970
mypy-boto3-ec2,87941
pygments-style-dracula,87916
strictyaml,87840
kopf,87831
pytest-socket,87827
scons,87826
editorconfig,87749
attr,87618
darglint,87548
dunamai,87263
pytest-pythonpath,87251
types-click,87180
wasmer,87160
pyproject-flake8,87159
pytest-check,87125
exchangelib,87080
flasgger,87037
libsass,87010
zopfli,87002
frictionless,86931
requests-unixsocket,86880
idf-component-manager,86851
pymc3,86830
pytest-flake8,86824
lifetimes,86747
beam-nuggets,86729
pytest-assume,86489
pyct,86400
scmrepo,86343
aiopg,86333
airflow-exporter,86292
django-taggit,86215
suds-py3,86195
marisa-trie,86080
josepy,86068
mypy-boto3-events,86017
patool,85821
requests-pkcs12,85760
gdbgui,85708
cleanco,85693
dodgy,85606
py-cord,85555
accumulation-tree,85400
dagster-graphql,85338
fonts,85284
radon,85189
hmsclient,85116
pyudorandom,84988
django-guardian,84897
jsonfield,84822
google-cloud-profiler,84639
discord-ext-slash,84628
facets-overview,84599
dag-factory,84555
tdigest,84452
arnparse,84375
apache-airflow-providers-pagerduty,84350
openapi-codec,84288
future-fstrings,84113
oracledb,84096
pycep-parser,84003
pytest-subtests,83820
pytest-freezegun,83816
flake8-import-order,83815
qudida,83787
timeloop,83787
quart,83769
stone,83618
affinegap,83528
injector,83483
mizani,83395
types-aiofiles,83231
django-compressor,83221
requests-aws-sign,83202
sqlalchemy-cockroachdb,83195
mypy-boto3-apigateway,83187
xmljson,83185
cufflinks,83156
semgrep,83066
textile,83062
tecton,83028
apache-airflow-providers-salesforce,82989
crontab,82809
font-roboto,82758
opentelemetry-instrumentation-starlette,82303
beaker,82289
pafy,82151
sktime,82062
pypresence,82062
prance,82057
vulture,81982
ibis-framework,81717
mando,81652
workalendar,81552
cdifflib,81420
pgi,81293
dartsclone,81218
flake8-commas,81215
fastcluster,81153
rfc3339-validator,80997
arabic-reshaper,80924
theano-pymc,80806
azure-eventhub-checkpointstoreblob,80796
mypy-boto3-xray,80722
translate,80657
osc-lib,80643
tomli-w,80626
djangorestframework-stubs,80617
strawberry-graphql,80611
awscliv2,80608
django-mptt,80583
mbed-tools,80490
aws-cdk-core,80289
mypy-boto3-ecr,80209
pyupgrade,80198
python-gflags,80192
jaconv,80115
azureml-inference-server-http,80107
hubspot-api-client,80073
libretranslatepy,80066
grequests,79920
flask-script,79893
zope-index,79836
pyhs2,79827
mbed-os-tools,79810
awscli-cwlogs,79793
mbed-ls,79614
anyjson,79614
pylbfgs,79436
inference-schema,79274
simpleeval,79262
python-mimeparse,79250
python-etcd,79232
pyviz-comms,79135
uhashring,79134
types-pkg-resources,78999
zenpy,78984
pgeocode,78982
python-novaclient,78942
sigmatools,78908
currencyconverter,78904
types-backports,78836
jsbeautifier,78781
git-remote-codecommit,78737
numerize,78595
stups-tokens,78571
aioxmpp,78432
snowflake-ingest,78383
awsebcli,78381
grpclib,78352
rollbar,78343
pyro-ppl,78336
ansi2html,78331
sklearn-pandas,78241
stups-zign,78083
apipkg,78028
cement,77959
levenshtein-search,77921
aiomysql,77901
stups-cli-support,77857
pyhacrf-datamade,77852
httmock,77844
zstd,77699
keras-nightly,77602
requests-kerberos,77528
spotinst-agent,77524
plotnine,77445
bingads,77399
discordutils,77372
icalendar,77347
apache-airflow-providers-oracle,77334
statistics,77308
fvcore,77209
line-profiler,77155
delta,77117
hnswlib,77078
s3,76923
jupyter-contrib-core,76874
aws-cdk-aws-s3,76871
categorical-distance,76854
fastdtw,76846
dtale,76810
highered,76735
transitions,76731
django-rest-swagger,76685
dedupe-variable-datetime,76665
datetime-distance,76641
aiohttp-socks,76626
simplecosine,76574
algoliasearch,76519
opencensus-ext-requests,76461
starlette-exporter,76439
drf-nested-routers,76426
dagster-celery,76349
jupyter-nbextensions-configurator,76338
aws-cdk-cx-api,76319
aws-cdk-aws-iam,76309
gputil,76294
bleak,76292
publicsuffix2,76288
bitstruct,76262
azure-schemaregistry,76248
sphinx-autobuild,76177
dvc-render,76112
simplefix,76110
pytest-mypy,76087
numpydoc,76069
django-oauth-toolkit,76060
opentelemetry-instrumentation-urllib3,75967
flask-restplus,75912
pygraphviz,75773
jupyter-contrib-nbextensions,75650
robotframework-sshlibrary,75637
python-igraph,75594
inflate64,75574
pygam,75450
python-sat,75420
clik,75403
files-com,75311
demjson,75256
dagster-aws,75192
types-certifi,75061
jupyter-highlight-selected-word,74869
django-otp,74822
geemap,74727
aws-cdk-cloud-assembly-schema,74635
httpagentparser,74619
pyexasol,74608
dagster-spark,74575
pysnmp,74373
kubernetes-asyncio,74332
jinja2-pluralize,74273
acme,74251
detect-secrets,74228
neotime,74221
graphene-django,74192
aws-cdk-region-info,74171
rpyc,74081
phonenumberslite,73941
peppercorn,73901
envyaml,73896
types-deprecated,73887
coralogix-logger,73840
feast,73811
ptable,73768
amundsen-common,73710
flask-swagger-ui,73692
gin-config,73663
spanishconjugator,73622
neuralcoref,73531
icdiff,73525
pyro-api,73470
python-keycloak,73420
pip-api,73399
codespell,73387
pydyf,73384
transform,73273
anybadge,73269
json-logging-py,73149
colored,73128
wasmer-compiler-cranelift,73062
pantsbuild-pants,73000
bc-detect-secrets,72870
flake8-logging-format,72847
untokenize,72745
msoffcrypto-tool,72572
bflb-iot-tool,72552
splunk-handler,72431
property-cached,72398
python-cinderclient,72338
pysmi,72279
python-interface,72182
pycklink,72181
janus,72174
pytest-dotenv,72127
oslo-context,72112
mecab-python3,71905
bflb-crypto-plus,71870
types-bleach,71699
objgraph,71679
types-boto,71613
datasette,71488
snapshottest,71453
pyairtable,71414
aws-cdk-aws-kms,71380
oslo-log,71337
aws-cdk-aws-ec2,71295
aws-cdk-aws-lambda,71248
azure-schemaregistry-avroserializer,71126
pyspark-stubs,71122
fastai,71112
airflow-clickhouse-plugin,71048
requests-async,70928
model-bakery,70811
webapp2,70735
aws-cdk-aws-events,70656
pep562,70607
arpeggio,70582
imgviz,70576
pyroute2,70559
rauth,70468
apiclient,70404
django-anymail,70027
django-webpack-loader,69998
okta,69874
pydotplus,69844
dbus-python,69800
types-chardet,69707
breathe,69695
flask-testing,69678
nulltype,69606
jhi-databricksenvironment,69573
modin,69536
polars,69477
apache-airflow-providers-celery,69398
aiocontextvars,69315
suds,69204
python-geohash,69166
imapclient,69122
wordninja,69113
hacking,68895
selenium-stealth,68891
cmarkgfm,68805
plyvel,68744
aws-cdk-aws-cloudwatch,68735
onnxmltools,68669
dateutils,68511
memoization,68484
pytest-icdiff,68372
quandl,68357
fastdiff,68245
cryptg,68235
grapheme,68149
aws-cdk-aws-logs,68133
sqlalchemy-filters,68049
html-testrunner,68038
prometheus-api-client,67980
dedupe-hcluster,67943
mypy-boto3-signer,67874
pybacklogpy,67825
dbfread,67707
mypy-boto3-schemas,67646
cloudml-hypertune,67585
platformio,67535
google-compute-engine,67474
envs,67416
pdm-pep517,67303
seleniumbase,67284
adtk,67264
types-retry,67140
autoviz,67131
easydict,67130
gcloud,67125
pytest-watch,67122
tentaclio,67100
deepspeed,67090
mozlog,67084
chex,66975
hatch-vcs,66971
marshmallow3-annotations,66957
tsfresh,66925
discord-buttons-plugin,66907
apache-airflow-providers-tableau,66895
pyfunctional,66763
splink,66757
databases,66756
aiorwlock,66738
graphlib-backport,66728
invisible-watermark,66612
torchtext,66544
pytest-base-url,66515
python-levenshtein-wheels,66410
setuptools-git-versioning,66367
cheetah3,66358
tentaclio-s3,66229
django-rest-auth,66153
aiodataloader,66110
rlr,66069
brotlipy,65942
pybit,65864
openai,65860
types-werkzeug,65795
argparse-addons,65735
readthedocs-sphinx-ext,65728
petl,65690
dagit,65593
humbug,65565
aws-cdk-aws-s3-assets,65557
svgwrite,65553
keyboard,65476
kneed,65435
dataproperty,65306
flask-limiter,65269
virtualenvwrapper,65238
pywatchman,65181
aioresponses,65170
aspy-yaml,65162
pyaescrypt,65144
pytest-flask,65095
airflow-provider-great-expectations,65060
pyicu,64898
textparser,64857
ngram,64812
aws-cdk-aws-ecr,64781
pythonping,64622
web-py,64466
django-picklefield,64403
ipyparallel,64346
aws-cdk-aws-ssm,64281
pyzipper,64273
ddlparse,64139
mxnet-mkl,64075
opentelemetry-instrumentation-asyncpg,64042
giphy-client,64040
mgzip,64037
requirements-detector,63933
dbt-spark,63850
aws-cdk-aws-sqs,63781
createsend,63631
aws-cdk-aws-applicationautoscaling,63607
google-cloud-dns,63577
exifread,63375
sk-dist,63358
google-analytics-data,63341
args,63168
flake8-rst-docstrings,63110
django-silk,62982
metacat,62970
pip-licenses,62915
python3-xlib,62903
pandas-dedupe,62800
types-flask,62761
pytest-factoryboy,62754
pem,62742
mypy-boto3,62733
django-polymorphic,62664
datadispatcher,62629
types-ujson,62613
google-cloud-iam,62590
validx,62558
asciitable,62507
pythreader,62490
django-formtools,62481
treeinterpreter,62449
aws-cdk-aws-ecr-assets,62337
routes,62286
cantools,62192
deprecat,62111
python-quickbooks,62080
aiojobs,62070
optax,61887
z3-solver,61689
path-py,61650
fasttext-wheel,61481
aws-cdk-aws-efs,61465
wavefront-sdk-python,61332
names,61299
antiorm,61292
ptvsd,61264
json-rpc,61235
opentelemetry-instrumentation-redis,61198
django-ckeditor,61190
htmldate,61129
mo-future,61128
shrub-py,61101
pudb,61078
pytest-order,61029
pyqt5-tools,61014
graphql-server-core,60953
hyper,60915
aws-cdk-aws-sns,60885
neobolt,60841
comm,60752
aws-cdk-aws-autoscaling-common,60726
django-treebeard,60635
pdfplumber,60585
python-openstackclient,60583
zxcvbn,60580
aws-cdk-aws-codeguruprofiler,60567
traittypes,60427
pyagrum-nightly,60409
cnvrg,60359
hurry-filesize,60272
evmdasm,60263
dagster-pyspark,60237
pyapacheatlas,60197
gevent-websocket,60079
pipelinewise-singer-python,60046
shyaml,60039
shopifyapi,60018
python-dynamodb-lock,59945
krb5,59915
ethereum-dasm,59816
cloudinary,59810
apispec-webframeworks,59778
pandas-flavor,59715
zope-hookable,59696
leb128,59666
cvxopt,59612
line-protocol-parser,59578
jsonpath,59556
osmium,59545
gluestick,59517
flake8-annotations,59504
xattr,59502
fiscalyear,59487
cloudpathlib,59407
reverse-geocoder,59315
typing-utils,59298
mo-dots,59280
django-csp,59224
sodapy,59181
pytest-deadfixtures,59146
pypng,59134
screeninfo,59083
ethereum-etl,59065
pyglet,59042
pydata-sphinx-theme,58990
django-prometheus,58990
mpi4py,58986
interpret-core,58923
open-clip-torch,58800
arch,58781
gluonnlp,58774
aiosmtplib,58687
ulid-py,58630
testing-common-database,58560
littleutils,58544
datetime-truncate,58500
dbt-databricks,58482
mo-imports,58470
jstyleson,58452
google-cloud-billing,58429
awslambdaric,58399
mkdocstrings,58367
pynput,58282
pybigquery,58244
bugsnag,58164
influx-line-protocol,58101
mpld3,58092
pyjsparser,58059
yamlpath,58055
homoglyphs,58054
google-oauth,58035
trimesh,58007
freeza-offset,57996
kwargs-only,57950
aws-assume-role-lib,57913
django-rest-passwordreset,57870
opentelemetry-instrumentation-urllib,57836
lenses,57814
escapism,57690
webdataset,57589
awsiotpythonsdk,57487
jwt,57482
pygrok,57476
pytd,57409
certbot,57373
fqdn,57354
pyinstrument-cext,57322
nox-poetry,57159
aws-cdk-assets,57133
flake8-return,57083
nibabel,57065
theano,57055
dlint,57027
decli,57015
pykmip,57006
robotframework-stacktrace,57005
lkml,56930
google-oauth2-tool,56920
rouge-score,56886
oauth2,56885
p4python,56863
simple-ddl-parser,56800
tf2onnx,56772
pygeos,56703
pyactiveresource,56644
s2sphere,56606
opentelemetry-sdk-extension-aws,56586
chalice,56559
speedtest-cli,56557
flax,56546
testing-postgresql,56539
google-cloud-ndb,56535
pykakasi,56447
publish-event-sns,56430
jupyter-packaging,56419
opentelemetry-instrumentation-sqlite3,56412
aws-cdk-aws-route53,56377
apache-airflow-providers-redis,56364
tabledata,56248
aws-cdk-custom-resources,56237
rstr,56115
flake8-deprecated,56071
flake8-string-format,56069
coolname,55994
jupytext,55974
opentelemetry-instrumentation-flask,55887
db,55874
check-manifest,55853
azure-search-documents,55830
pyjwkest,55820
azureml,55806
entrypoint2,55805
docker-py,55799
dnslib,55792
python-constraint,55752
aws-cdk-aws-lambda-python-alpha,55723
scalesec-gcp-workload-identity,55721
pip-install-test,55682
suds-community,55642
wurlitzer,55633
nbsphinx,55586
datadispatch,55579
intuit-oauth,55569
db-contrib-tool,55569
griffe,55442
hatch-fancy-pypi-readme,55428
dask-gateway,55322
sounddevice,55292
pylint-flask,55256
aws-cdk-aws-signer,55208
flask-graphql,55175
tox-gh-actions,55118
setuptools-scm-git-archive,55094
docxcompose,55068
json-tricks,55032
bigquery-schema-generator,54940
pycountry-convert,54911
sphinx-argparse,54829
bashlex,54806
multiprocessing,54797
segment-analytics-python,54783
dython,54772
pytrends,54764
flake8-pie,54736
opentelemetry-exporter-jaeger-thrift,54637
aws-cdk-aws-secretsmanager,54632
django-waffle,54627
pylru,54556
extract-msg,54553
pytest-split,54478
whoosh,54348
quantconnect-stubs,54312
mkdocs-autorefs,54303
salib,54279
tf-slim,54276
pytablewriter,54246
titlecase,54243
flake8-markdown,54227
dagster-pandas,54186
singer-sdk,54141
psycopg-binary,54094
types-futures,54077
sphinxcontrib-plantuml,54074
django-ses,54018
django-nose,53997
types-croniter,53977
flake8-blind-except,53898
flake8-mutable,53869
tempita,53838
astral,53778
bravado-core,53772
python-subunit,53766
iso-639,53764
types-ipaddress,53726
google-api-helper,53687
aws-cdk-aws-cloudformation,53674
pysimdjson,53653
robotremoteserver,53652
lazy-loader,53631
dvclive,53557
delayed-assert,53476
gender-guesser,53443
pip-check,53392
apache-airflow-providers-jdbc,53389
commitizen,53313
django-reversion,53299
asyncpgsa,53286
ytmusicapi,53271
aws-cdk-aws-certificatemanager,53257
conllu,53237
pytest-azurepipelines,53190
zope-component,53174
aws-cdk-aws-sam,53166
neo4j-driver,53139
dagster-slack,53114
lief,53103
pvlib,52973
mysql,52942
sttable,52904
sfx-jaeger-client,52903
fastcrc,52838
ibm-cloud-sdk-core,52781
yamlordereddictloader,52735
aws-cdk-aws-elasticloadbalancingv2,52728
user-agent,52726
awacs,52692
pypdf3,52688
cassandra-sigv4,52613
pyston,52592
tcolorpy,52563
djangorestframework-camel-case,52442
pytest-reportportal,52394
pyston-autoload,52391
crc32c,52378
nptyping,52358
grpcio-opentracing,52345
acachecontrol,52314
m2crypto,52243
aws-cdk-aws-codestarnotifications,52164
mss,52143
outdated,52141
wmctrl,52109
okta-jwt-verifier,52059
mozrunner,52002
pyfcm,51878
pysha3,51850
awscrt,51814
restrictedpython,51808
pytest-httpserver,51742
opentelemetry-exporter-jaeger,51698
ceja,51695
setupmeta,51684
lucopy,51648
amino,51544
icecream,51436
sqlalchemy-trino,51400
auth,51391
tbats,51389
testresources,51307
geohash,51246
import-deps,51177
pytest-incremental,51148
jupyter-latex-envs,51119
sphinx-bootstrap-theme,51116
pyrepl,51107
fancycompleter,51102
gfpgan,51081
pyqrcode,51064
json-schema-for-humans,51041
python-xlib,51039
azure-ai-metricsadvisor,51027
docformatter,51014
wad,50970
uncertainties,50960
apache-airflow-providers-microsoft-azure,50954
records,50929
webbot,50900
pdbpp,50884
sqlalchemy-migrate,50787
time-machine,50773
furo,50738
django-fsm,50687
country-converter,50601
django-mysql,50584
rfc3986-validator,50526
importlib,50507
opentelemetry-exporter-jaeger-proto-grpc,50502
nbdime,50334
snowflake,50332
clearml,50332
textsearch,50313
acryl-datahub-airflow-plugin,50246
python-ctags3,50226
setoptconf-tmp,50189
pyhanko,50186
pycalverter,50184
wemake-python-styleguide,50090
pydantic-sqlalchemy,49986
airtable-python-wrapper,49961
pyre-check,49928
fireblocks-sdk,49927
teradatasqlalchemy,49864
pytest-nunit,49831
dumbyaml,49827
expecttest,49588
tasks,49567
django-log-request-id,49558
pyzabbix,49555
types-emoji,49417
python-graphql-client,49407
psycogreen,49372
apache-airflow-providers-docker,49349
amundsen-rds,49307
stomp-py,49280
requests-oauth,49209
cityhash,49180
contractions,49167
aiostream,49026
deap,48993
libhoney,48982
easy-thumbnails,48949
random-word,48911
pygresql,48875
opentelemetry-instrumentation-psycopg2,48874
docx2txt,48864
joblibspark,48844
patch,48821
testslide,48792
types-decorator,48754
isoduration,48649
python-jwt,48587
pyhanko-certvalidator,48506
dagster-postgres,48499
django-admin-rangefilter,48490
blackduck,48478
munkres,48453
localstack-client,48425
unidiff,48369
python-louvain,48202
localstack-ext,48198
tritonclient,48154
zope-proxy,48096
opentelemetry-instrumentation-celery,48079
dotty-dict,48070
zhdate,48049
click-completion,48011
testscenarios,48000
pyjson5,47954
python-jose-cryptodome,47935
zipfile-deflate64,47884
uri-template,47808
pyftpdlib,47779
jinja2-simple-tags,47767
pysqlite3,47745
ruptures,47732
mysql-python,47706
discord-ui,47682
ruff,47672
tm1py,47624
aws-cdk-aws-kinesis,47606
decopatch,47538
tabula-py,47502
pingouin,47487
aws-cdk-aws-sns-subscriptions,47430
django-axes,47419
aiogram,47406
scrypt,47275
mdxpy,47219
selectors2,47159
janome,47051
httpie,47041
trafaret,47024
pybreaker,47015
flask-apispec,46994
aws-cdk-aws-cognito,46882
jinja2-cli,46812
pyhaproxy,46795
pyzbar,46781
ocspbuilder,46770
flake8-pytest-style,46757
asyncio-dgram,46756
jupyter-server-mathjax,46730
amundsen-databuilder,46718
django-autocomplete-light,46713
mypy-boto3-cloudwatch,46699
marko,46602
sqlfluff-templater-dbt,46591
pycapnp,46524
aws-cdk-aws-stepfunctions,46510
pybase62,46507
flake8-tuple,46496
everett,46431
timeago,46413
warrant,46359
trafilatura,46353
cursor,46353
lupa,46308
docker-image-py,46289
poetry-dynamic-versioning,46250
tensorflowonspark,46191
opentelemetry-instrumentation-jinja2,46143
ffn,46082
slack-webhook,45936
wsaccel,45932
zipfile36,45920
agate-sql,45880
fugashi,45806
nbstripout,45755
aws-cdk-aws-autoscaling,45754
mitmproxy,45747
pydevd-pycharm,45718
sparse-dot-topn,45686
gspread-pandas,45673
django-multiselectfield,45626
ocspresponder,45583
aws-embedded-metrics,45572
tidal-dl,45552
sklearn-crfsuite,45418
sqlite-utils,45341
sphinxcontrib-httpdomain,45302
catkin-pkg,45290
similar,45288
pymilvus,45279
django-colorfield,45231
zmq,45210
panda,45209
sanelogging,45185
evaluate,45164
grpc-stubs,45105
easyocr,45099
sqlalchemy-databricks,45089
aws-cdk-aws-elasticloadbalancing,45024
coverage-badge,44984
tfa-nightly,44913
rasa,44906
bravado,44849
flobot,44837
ntplib,44784
shodan,44776
macholib,44754
molecule-hetznercloud,44731
django-ratelimit,44729
pyscaffold,44718
pyspark-dist-explore,44693
pytoolconfig,44665
comet-ml,44657
telegraph,44604
teamcity-messages,44551
asyncio-throttle,44550
django-coverage-plugin,44493
pybtex,44492
textfsm,44462
pysnooper,44436
pyarabic,44377
mdutils,44366
latexcodec,44354
os-client-config,44343
dvc-data,44329
better-profanity,44299
textx,44290
python-semantic-release,44243
django-user-agents,44071
progressbar,44006
msgpack-numpy,43970
umongo,43954
asciitree,43936
spotdl,43907
py-grpc-prometheus,43905
word2number,43856
sphinx-togglebutton,43844
amazon-ion,43839
polyline,43788
plotly-express,43776
pytest-testinfra,43757
triton,43737
pyright,43697
django-colorful,43686
unidic-lite,43663
pyjokes,43661
pysolr,43634
docarray,43627
openvisus,43620
pockets,43547
recordlinkage,43527
dbus-fast,43523
pyiso8583,43519
tensorstore,43488
aws-cdk-aws-dynamodb,43468
apache-airflow-providers-dbt-cloud,43466
webassets,43415
docxtpl,43383
imagecodecs,43368
pydomo,43357
aws-cdk-aws-ecs,43354
mockito,43318
port-for,43307
pyexcel-io,43299
urlobject,43229
asyncprawcore,43221
fpdf2,43206
django-localflavor,43182
httpstan,43165
aiohttp-jinja2,43151
evdev,43123
mcstatus,43118
django-easy-select2,43001
pyyml,42993
tendo,42974
goslate,42888
robotframework-databaselibrary,42853
curatorbin,42796
undetected-chromedriver,42789
dislash-py,42770
lml,42758
sanitize-filename,42532
nanoid,42523
flit,42521
django-modeltranslation,42513
win32-setctime,42491
statsforecast,42423
regressors,42401
mypy-boto3-athena,42370
mypy-boto3-sns,42355
utilmy,42349
sphinxcontrib-napoleon,42331
schedula,42206
opentelemetry-distro,42164
clint,42163
pytest-spark,42154
ibis-bigquery,42145
robotframework-debuglibrary,42092
mailchimp3,42088
ping3,42087
pycarlo,42082
retworkx,42082
stumpy,42071
markdownify,42020
mypy-boto3-logs,41991
sqlalchemy-mixins,41968
easygui,41956
html-text,41930
pytest-vcr,41905
pyspellchecker,41898
multiprocessing-logging,41872
rustworkx,41864
aws-cdk-aws-apigateway,41815
python-frontmatter,41807
graphene-sqlalchemy,41796
sphinx-basic-ng,41784
pylibmc,41752
transaction,41709
sqllineage,41703
domdf-python-tools,41661
python-barcode,41646
doc8,41564
aws-cdk-aws-cloudfront,41551
betterproto,41471
pbkdf2,41465
python-neutronclient,41453
gpytorch,41448
aws-cdk-aws-route53-targets,41439
pyang,41418
pandas-access,41376
flake8-2020,41374
ta,41323
tika,41295
onnxruntime-gpu,41264
readerwriterlock,41249
jsonnet,41249
credstash,41209
datamodel-code-generator,41201
htpasswd,41191
pymc,41177
formulas,41172
python-pidfile,41165
nats-py,41163
pycstruct,41157
django-json-widget,41135
bayesian-optimization,41128
python-terraform,41085
dash-renderer,41044
logging,41036
gpy,40996
ncclient,40984
python-nmap,40951
jupyterhub,40851
pysam,40817
testinfra,40790
pytorch-pretrained-bert,40786
robotfixml,40784
discord-py-interactions,40769
types-filelock,40744
assisted-service-client,40719
pytest-pylint,40714
dynamic-rest,40706
flask-opentracing,40654
caugetch,40590
matrixprofile,40570
asyncstdlib,40544
django-braces,40518
symspellpy,40419
moz-sql-parser,40415
executor,40307
tensorflow-io-nightly,40290
pdfrw,40234
asteval,40154
cyksuid,40153
implicit,40102
tf-nightly,40101
flake8-assertive,40096
coinapi-rest-v1,40093
requests-ntlm2,40079
vsts,40060
advent-of-code,40058
pytils,40024
flask-principal,40022
tf-models-official,40008
pytest-profiling,40005
chromedriver-autoinstaller,40003
akshare,39941
dbl-tempo,39930
rarfile,39896
ipy,39875
ajsonrpc,39829
apache-airflow-providers-elasticsearch,39701
tdda,39590
proxy-protocol,39517
mo-logs,39497
botorch,39480
pyarrowfs-adlgen2,39457
sqlitedict,39441
drf-extensions,39414
untangle,39389
drift-python,39335
types-python-slugify,39306
rrdtool,39296
mo-kwargs,39243
rake-nltk,39186
pyobjc-core,39175
jina-hubble-sdk,39155
djangorestframework-csv,39146
pdfminer,39037
django-constance,39030
chart-studio,39007
aws-cdk-aws-codecommit,38971
google-gax,38930
jsonargparse,38896
conda,38876
django-tables2,38756
aws-cdk-aws-servicediscovery,38755
evergreen-lint,38748
zope-deferredimport,38742
open3d,38679
webdavclient3,38657
in-place,38652
django-rq,38616
sox,38612
aws-cdk-aws-autoscaling-hooktargets,38579
daemonize,38568
telebot,38505
flake8-typing-imports,38498
catboost-dev,38479
segtok,38419
apache-airflow-providers-airbyte,38417
csvkit,38401
pycosat,38399
datadog-lambda,38379
sgp4,38367
geohash2,38332
roman,38321
faiss-gpu,38264
mailjet-rest,38234
google-play-scraper,38218
paramz,38179
jina,38170
sorl-thumbnail,38157
castxml,38115
yagmail,38106
aws-cdk-aws-s3-notifications,38104
braintree,38100
yarn-api-client,38100
circuitbreaker,38051
opencv-contrib-python-headless,38038
drf-jwt-2fa,38003
dnspython3,37997
stopit,37992
torchbiggraph,37968
flask-debugtoolbar,37967
pykerberos,37957
tune-sklearn,37938
django-query-signals,37936
dj-rest-auth,37907
td-client,37896
mkdocs-minify-plugin,37866
vyper-config,37862
pysimplegui,37843
pathable,37807
types-orjson,37784
transform-tools,37722
aws-cdk-aws-codebuild,37713
opentelemetry-instrumentation-elasticsearch,37701
asyncio-extras,37692
check-puppet-agent,37652
datarobot,37647
jplephem,37588
airflow-code-editor,37566
pinotdb,37563
pubnub,37542
qiskit-terra,37497
uri,37497
instagrapi,37489
pytest-datadir,37488
pbtools,37450
django-admin-sortable2,37352
purecloudplatformclientv2,37336
pydantic-factories,37323
tflite-model-maker-nightly,37308
databricks-pypi1,37306
netmiko,37267
circleci,37256
pip-requirements-parser,37232
s3path,37212
instant-api-client,37198
clickhouse-connect,37187
presto-client,37184
django-cacheops,37180
atc-dataplatform,37177
rfc3339,37152
aiohttp-session,37099
quickchart-io,37084
ocrspace,37014
pusher,37007
sparkaid,37005
encoder,36987
df2gspread,36892
py-moneyed,36869
lbt-honeybee,36851
stim,36844
ibm-cos-sdk,36791
junit2html,36785
warlock,36770
apache-airflow-providers-apache-druid,36769
tavern,36697
flexget,36686
mlserver,36684
pytest-playwright,36671
zenroom,36662
chat-exporter,36628
pebble,36626
splitio-client,36561
keepalive,36557
rel,36532
sphinx-design,36416
epsagon,36408
pytest-github-actions-annotate-failures,36374
ssm-parameter-store,36357
aws-cdk-aws-events-targets,36351
ansicon,36347
tree-format,36321
sphinxcontrib-bibtex,36285
airflow-dbt-python,36267
click-configfile,36258
pyqtwebengine,36251
cli-helpers,36250
ipyleaflet,36249
posthog,36243
flake8-variables-names,36241
pyunpack,36222
pypsexec,36215
aim,36213
pyttsx3,36203
pyobjc-framework-cocoa,36195
mariadb,36186
twython,36183
ibm-cos-sdk-core,36156
numcodecs,36147
dash-cytoscape,36142
tslearn,36141
dataclasses-avroschema,36133
strsimpy,36126
cookies,36110
rdkit-pypi,36085
mypy-boto3-ssm,36083
fasm,36074
stanza,36073
django-safedelete,36071
python-baseconv,36062
asyncpraw,36032
ipcqueue,36024
jcloud,35984
inotify,35975
ibm-cos-sdk-s3transfer,35975
django-auth-ldap,35944
pyexcel,35930
u-msgpack-python,35928
mozfile,35926
django-bootstrap4,35917
pyvis,35893
pylama,35800
authclient,35800
esp-idf-kconfig,35788
badx12,35787
sharepy,35781
gluonts,35777
respx,35771
oletools,35750
lizard,35749
mechanize,35726
kubernetes-validate,35713
oauth2-client,35686
sudachidict-full,35655
no-manylinux,35618
www-authenticate,35597
dask-cuda,35543
couchbase,35475
distconfig,35421
sagemaker-feature-store-pyspark,35413
lyricsgenius,35410
jarowinkler,35406
opentelemetry-exporter-prometheus,35405
2captcha-python,35403
shazamapi,35364
types-enum34,35346
mapbox-vector-tile,35338
pandas-redshift,35299
pytest-celery,35273
glean-parser,35259
honeycomb-beeline,35255
robotframework-assertion-engine,35224
cma,35157
jismesh,35152
strenum,35060
ahocorapy,35060
edn-format,35055
flair,35035
tfds-nightly,35006
django-structlog,35002
drf-writable-nested,34995
randmac,34983
test-tube,34956
python-on-whales,34915
datetimerange,34897
m2r2,34892
vokativ,34864
stepfunctions,34838
coremltools,34823
ipympl,34820
mysql-connector-python-rf,34818
cpplint,34787
django-grappelli,34756
pybtex-docutils,34740
datrie,34684
prometheus-fastapi-instrumentator,34671
azure-monitor-query,34665
myst-nb,34658
logutils,34652
vtk,34641
jinxed,34596
pycodestyle-magic,34582
pydateinfer,34561
mediapipe,34549
uwsgitop,34542
sphinx-notfound-page,34521
tensorflow-model-optimization,34505
parmap,34501
lazy,34499
robotframework-selenium2library,34489
pyopengl,34475
pandas-read-xml,34428
sphinx-autoapi,34421
pytest-reraise,34407
visitor,34378
sops,34358
mkdocstrings-python,34345
business-duration,34343
distance,34329
pytorch-forecasting,34313
random2,34310
allennlp,34291
hvplot,34267
django-redis-cache,34252
pyproject-metadata,34213
playsound,34184
interrogate,34183
safetensors,34153
matplotlib-venn,34132
cocotb,34126
m2r,34080
python-whois,34060
vadersentiment,34014
httplib2shim,33986
aerospike,33947
dagster-docker,33945
parse-torrent-name,33918
pycoingecko,33902
spacy-transformers,33893
sphinx-book-theme,33875
aws-cdk-aws-globalaccelerator,33842
django-templated-mail,33812
binpacking,33787
mirakuru,33777
flask-bootstrap,33767
pytorch-ignite,33758
cloudfoundry-client,33756
opentracing-instrumentation,33753
dbutils-typehint,33753
flickrapi,33723
libusb1,33709
aws-secretsmanager-caching,33682
apache-airflow-backport-providers-microsoft-azure,33672
dlib,33630
guppy3,33622
pyzipcode,33619
pamela,33611
pytkdocs,33606
requests-ntlm3,33590
asgi-lifespan,33553
chromedriver-binary,33548
django-elasticsearch-dsl,33540
empy,33538
pywebpush,33502
cymruwhois,33479
requests-auth-aws-sigv4,33479
sparse,33390
azure-mgmt-hybridcompute,33387
pyside2,33341
azure-ai-textanalytics,33325
chargebee,33278
sphinx-markdown-tables,33262
opengeode-core,33261
awkward,33188
xmldiff,33139
flake8-pyproject,33096
starsessions,33077
pytest-logger,32986
schematics,32965
pylint-quotes,32962
keras2onnx,32933
databricks-pypi2,32910
starlette-context,32901
wagtail,32890
mimesis,32886
serpent,32871
oslo-concurrency,32863
lbt-dragonfly,32833
aws-cdk-aws-lambda-event-sources,32825
squarify,32802
cognite-sdk,32788
pyftdi,32755
pandoc,32752
tinysegmenter,32723
djangorestframework-api-key,32722
apache-airflow-backport-providers-http,32693
gardener-cicd-cli,32691
beautifultable,32661
fortnitepy,32643
zarr,32625
keybert,32617
aws-cdk-aws-acmpca,32611
wmi,32567
jupyter-cache,32519
pytorch-metric-learning,32508
pytest-cases,32498
jupyter-server-proxy,32498
types-boto3,32436
meson-python,32410
cloudflare,32407
honcho,32407
python-glanceclient,32361
facebook-sdk,32359
py2neo,32356
english-words,32354
oic,32323
stop-words,32300
clickhouse-cityhash,32221
cartopy,32207
nmslib,32171
interpret-community,32167
sphinxcontrib-svg2pdfconverter,32155
xvfbwrapper,32129
mypy-boto3-kms,32102
types-psutil,32093
rdkit,32083
forbiddenfruit,32072
django-nested-admin,32055
fredapi,32035
wslink,32023
wmd,32017
django-cleanup,32016
pact-python,31983
surgeo,31980
autogluon-core,31930
smartystreets-python-sdk,31926
datatable,31921
ecs-logging,31919
opencensus-ext-flask,31907
cfscrape,31900
mkdocs-git-revision-date-localized-plugin,31878
dash-daq,31872
flake8-html,31858
msgraph-core,31856
clearml-agent,31853
fuzzysearch,31827
spacy-fastlang,31805
sip,31790
pyqtgraph,31777
cachepath,31772
happybase,31744
ibm-db,31719
magicinvoke,31705
pytest-black,31656
aiocache,31646
astpretty,31622
ds-util,31608
lookml,31601
azureml-automl-runtime,31584
rudder-sdk-python,31577
pulsar-client,31562
remote-pdb,31548
versioneer,31522
flask-apscheduler,31520
maltego-trx,31518
datefinder,31486
pyastronomy,31395
django-modelcluster,31349
nflx-genie-client,31295
draftjs-exporter,31288
airflow-prometheus-exporter,31286
vobject,31261
parameters-validation,31257
google-cloud-storage-transfer,31238
proto-google-cloud-datastore-v1,31205
more-executors,31199
djoser,31192
sudachidict-core,31114
tatsu,31066
xbxbot,31058
flex,31056
rr-graph,31049
simdkalman,31038
gurobipy,31027
textract,30992
jiwer,30988
django-haystack,30978
featuretools,30955
orbit-ml,30955
getmac,30925
pyfunceble-dev,30917
kaggle,30886
python-redmine,30833
iteration-utilities,30804
awspricing,30757
latest-user-agents,30712
django-tinymce,30711
apache-airflow-providers-telegram,30710
art,30662
salesforce-api,30646
rabbitpy,30639
pyre-check-nightly,30624
gardener-cicd-libs,30617
alexapy,30612
natural,30604
jupyter-sphinx,30603
pansi,30580
commonregex,30572
python-twitter,30560
certipy,30548
yoyo-migrations,30548
agate-excel,30534
compressed-rtf,30526
flask-api,30507
stringdist,30493
pyspark-test,30437
agate-dbf,30425
fastapi-pagination,30410
pylatexenc,30405
multipart,30396
types-pillow,30374
pytest-httpx,30323
pip-audit,30320
dagster-databricks,30318
liac-arff,30312
bqplot,30287
lavalink,30239
parsley,30216
deep-translator,30213
l18n,30212
single-source,30211
python-must,30207
constants,30196
pydictionary,30168
delorean,30157
shiboken2,30137
aws-cdk-aws-kinesisfirehose,30082
jupyter-telemetry,30071
censys,30069
django-money,30059
authcaptureproxy,29985
browsermob-proxy,29974
apns2,29939
lumigo-tracer,29933
python-monkey-business,29922
aws-cdk-aws-codepipeline,29899
prsaw,29884
optimizely-sdk,29842
apache-airflow-providers-vertica,29819
ruyaml,29788
flake8-breakpoint,29782
pyngrok,29770
columnar,29761
poethepoet,29704
apache-airflow-backport-providers-slack,29693
pythainlp,29655
ariadne,29651
smartypants,29643
schwifty,29620
cognitojwt,29613
buildkite-test-collector,29604
discord-pretty-help,29578
grpcio-testing,29562
woodwork,29556
expelliarmus,29514
cognitive-complexity,29509
sphinxcontrib-spelling,29500
simpervisor,29499
eyes-selenium,29498
fnvhash,29471
torchlibrosa,29470
pyreadstat,29452
dimod,29450
autogluon,29417
multisig-hmac,29405
django-enumfields,29402
pygdal,29400
django-select2,29399
kcli,29379
logger,29340
nlpaug,29299
apache-airflow-providers-qubole,29267
jieba3k,29223
apprise,29220
mandrill,29204
google-cloud-runtimeconfig,29188
rq-scheduler,29182
logstash-formatter,29170
mwparserfromhell,29158
dvc-objects,29151
xenon,29136
drf-jwt,29123
willow,29105
pygeoif,29101
qpd,29097
ruamel-ordereddict,29042
skyfield,29037
pyshark,29011
apache-airflow-providers-apache-hdfs,28968
pcodedmp,28951
dm-haiku,28946
filechunkio,28936
databricks,28933
pynetbox,28923
maxminddb-geolite2,28915
apache-airflow-providers-presto,28912
pytabcmd,28906
pypd,28900
lightning-cloud,28896
puremagic,28870
pydevicetree,28847
dawg-python,28840
aws-cdk-asset-awscli-v1,28821
aws-cdk-aws-batch,28816
butterfree,28796
pygal,28748
plette,28727
rebulk,28696
spark-testing-base,28675
pymorphy2,28644
types-appdirs,28640
feedfinder2,28631
crc16,28597
python-debian,28577
transliterate,28573
panns-inference,28543
flake8-cognitive-complexity,28517
raygun4py,28515
jmp,28510
apache-libcloud,28470
fasttreeshap,28464
huggingface,28432
torchsummary,28430
demoji,28369
hachoir,28351
pyomo,28343
eyes-universal,28340
azure-eventhubs-client,28334
customerio,28327
lusid-sdk,28324
gsheets,28273
mypy-boto3-kinesis,28252
pytools,28179
python-schema-registry-client,28176
aliyun-python-sdk-alidns,28169
elasticsearch-curator,28168
pykalman,28165
pre-commit-hooks,28146
allure-behave,28087
pytest-docker,28049
fastdownload,28047
python-lsp-server,28047
opentelemetry-propagator-b3,28008
ovh,27990
mozinfo,27971
gspread-formatting,27962
speaklater,27927
lmfit,27924
dbt,27916
ldapdomaindump,27908
pycord,27900
pyscrypt,27882
sphinx-click,27877
azure-iot-hub,27856
alive-progress,27844
postgres,27839
flask-assets,27830
django-mathfilters,27826
apache-airflow-backport-providers-snowflake,27825
timedelta,27818
caio,27781
pythonnet,27743
torch-fidelity,27738
localconfig,27730
devtools,27682
discord-together,27682
djangorestframework-xml,27667
flake8-expression-complexity,27659
vici,27638
mypy-boto3-organizations,27626
flake8-executable,27625
ax-platform,27611
flake8-django,27610
feature-engine,27603
pulpcore-client,27602
swimbundle-utils,27591
ipython-sql,27581
optbinning,27545
aws-cdk-asset-node-proxy-agent-v5,27530
django-ordered-model,27514
interpret,27484
django-object-actions,27480
formencode,27476
awscli-local,27475
signxml,27465
ansible-runner,27460
brotlicffi,27429
pytest-selenium,27416
bitsandbytes,27415
about-time,27393
types-dateparser,27376
py-rouge,27365
gviz-api,27359
eyes-core,27342
paddlepaddle,27324
eyes-common,27320
flake8-noqa,27309
cdk-gitlab-runner,27298
django-recaptcha,27282
coincurve,27279
os-sys,27260
pylint-pytest,27251
pydoop,27224
pypinyin,27224
autogluon-tabular,27221
airflow-notify-sns,27212
dsnparse,27190
fastkml,27186
notifiers,27185
apache-airflow-backport-providers-ssh,27180
waiting,27174
backports-datetime-fromisoformat,27157
ml-wrappers,27143
psycopg2-pool,27130
captcha,27053
glfw,27052
python-helpscout-v2,27052
artifactory,27051
colorhash,27005
dblpy,27004
pypcap,26992
epiweeks,26970
luhn,26962
pillow-heif,26935
forex-python,26907
django-classy-tags,26898
lightning-api-access,26897
paddle-bfloat,26849
textstat,26845
openapi-core,26835
pyphonetics,26815
nylas,26812
cdk-aurora-globaldatabase,26787
flake8-functions,26776
parquet-metadata,26771
graphene-file-upload,26720
mr-uplift,26719
python-version,26712
imgkit,26711
torch-geometric,26710
newspaper3k,26710
pyangbind,26694
fasttext-langdetect,26684
googledrivedownloader,26673
pytest-variables,26668
serial,26664
autogluon-text,26640
businesstimedelta,26609
lusid-sdk-preview,26558
crispy-bootstrap5,26554
pytest-shutil,26551
colour-runner,26527
wsgi-request-logger,26525
pymorphy2-dicts-ru,26521
cirq-google,26521
geolib,26501
tensorboard-plugin-profile,26474
jpholiday,26441
ml-collections,26433
zope-sqlalchemy,26432
flake8-colors,26417
lp37,26411
wikipedia-api,26402
gardener-cicd-base,26402
telepath,26398
rednose,26369
telegram,26364
pyro4,26353
objectpath,26334
spacy-alignments,26313
placebo,26292
futurist,26285
exrex,26270
flake8-annotations-complexity,26245
pyobjc,26209
fissix,26207
snowplow-tracker,26201
dci-utils,26183
skope-rules,26175
requests-auth,26173
html-to-json,26148
chiavdf,26137
durationpy,26126
mr-proper,26114
celery-redbeat,26111
allennlp-models,26104
snakeviz,26084
envparse,26084
ddtrace-graphql,26079
kedro-viz,26076
cached-path,26051
pyspark-asyncactions,26029
flask-pymongo,26019
haralyzer,26017
pyvisa,26015
blspy,26005
pyobjc-framework-applicationservices,26000
ruamel-yaml-jinja2,25996
pygelf,25991
pybars3,25975
certbot-nginx,25960
simple-settings,25955
json-encoder,25955
django-jsonfield,25930
zipcodes,25892
pyspark-pandas,25870
tf-agents,25856
pgcopy,25852
autogluon-vision,25828
flupy,25809
smartlingapisdk,25804
python-tds,25786
gardener-cicd-whd,25783
apache-airflow-backport-providers-cncf-kubernetes,25778
tk,25770
clearbit,25767
pycln,25757
shandy-sqlfmt,25740
mozprocess,25728
django-rest-knox,25725
mypy-boto3-ce,25723
case-conversion,25717
funcparserlib,25714
sseclient,25699
localstack,25696
pymodm,25681
xdoctest,25671
pyobjc-framework-quartz,25664
django-bulk-update,25647
supermercado,25642
dumb-init,25637
nose-xunitmp,25620
pyaudio,25611
elasticsearch7,25606
django-two-factor-auth,25605
pytest-testmon,25599
autogluon-features,25586
aiocron,25576
globre,25568
varname,25562
sanic-cors,25561
async-exit-stack,25552
pytextrank,25539
collection,25520
scrapbook,25514
venv-pack,25511
kivy,25500
flask-seasurf,25487
aioprometheus,25484
appzoo,25483
ropwr,25476
types-colorama,25439
yaml-config,25415
pyqtwebengine-qt5,25410
rospkg,25409
clang-format,25390
oslo-db,25375
django-dirtyfields,25366
apache-airflow-providers-apache-livy,25361
dqrobotics,25356
lit,25321
scikit-surprise,25317
pip-resolved,25309
termstyle,25303
rootpath,25295
xlsx2csv,25295
usaddress-scourgify,25273
iterators,25269
python-augeas,25259
handyspark,25255
django-autoslug,25253
ipyvuetify,25239
mypy-boto3-budgets,25212
oslo-policy,25207
javaobj-py3,25176
cmakelang,25150
aiofile,25143
django-graphql-jwt,25135
psd-tools,25102
mail-parser,25087
bindep,25054
pandas-schema,25030
slack-notifications,25024
python-gilt,24989
graphene-sqlalchemy-filter,24986
mmh3cffi,24980
pyshorteners,24968
gekko,24965
keplergl,24957
sphinx-gallery,24957
structlog-sentry,24949
apeye,24927
impacket,24925
py-zabbix,24908
keyvaultlib,24902
konoha,24900
towncrier,24894
ipyvue,24891
ip2location,24877
aws-cdk-aws-cloudwatch-actions,24875
apache-airflow-providers-trino,24861
aws-error-utils,24843
pyinstaller-versionfile,24837
stable-baselines3,24835
kml2geojson,24816
nimbusml,24809
pycld2,24805
jsonrpcclient,24774
tencentcloud-sdk-python,24771
pytest-helpers-namespace,24768
simpleitk,24753
xlutils,24676
ldaptor,24666
pyobjc-framework-corebluetooth,24666
memray,24660
pymp-pypi,24650
pilkit,24649
pglast,24646
sparkdl,24608
ntc-templates,24600
capstone,24600
arize,24581
mixer,24579
mypy-boto3-appconfig,24558
infinity,24539
django-saml2-auth,24538
shiboken6,24528
pyscipopt,24511
relevanceai-dev,24498
infi-systray,24494
google-cloud-pipeline-components,24489
pyiotools,24487
yamlfix,24448
office365,24441
giturlparse,24440
xdis,24435
bapy,24424
aws-cdk-asset-kubectl-v20,24421
pathmagic,24405
pysubtypes,24400
pymiscutils,24396
tgcalls,24380
email-reply-parser,24379
always-updates,24365
aggdraw,24364
apache-airflow-providers-jira,24363
mlserver-mlflow,24346
bertopic,24339
asyncio-nats-client,24327
validator-collection,24323
img2pdf,24319
maybe-else,24286
pyts,24284
h2o-wave,24281
pretrainedmodels,24277
ec2instanceconnectcli,24244
response,24220
flake8-fixme,24218
prettierfier,24193
apache-airflow-providers-opsgenie,24190
aesara,24178
edx-enterprise,24173
scout-apm,24171
difft,24162
dtreeviz,24142
jupyterlab-git,24121
mypy-boto3-marketplace-entitlement,24120
pytgcalls,24102
dvc-task,24088
shutilwhich,24064
pyside6,24057
tinybird-cli,24055
stem,24046
adafruit-blinka,24030
parver,23988
mechanicalsoup,23967
cdk-events-notify,23965
aspy-refactor-imports,23964
mypy-boto3-sagemaker,23960
efficientnet-pytorch,23959
appier,23917
cons,23908
grpc-interceptor,23908
etuples,23903
crhelper,23888
webdrivermanager,23881
skyfield-data,23860
wxpython,23840
secure-smtplib,23839
logical-unification,23837
mockredispy,23834
s3-pit-restore,23834
python-dxf,23831
python-intervals,23812
patchelf,23810
cdk8s,23794
pyspin,23785
django-bootstrap3,23765
clickhouse-toolset,23762
gower,23759
flexpolyline,23750
pastescript,23746
tabcmd,23713
openvino-telemetry,23702
wavefront-cli,23679
mosek,23675
result,23637
hmmlearn,23633
djangorestframework-gis,23613
quantile-python,23609
pulumi-aws,23606
fab-classic,23605
trufflehogregexes,23602
alembic-utils,23579
freetype-py,23573
soda-core,23561
twisted-iocpsupport,23558
gnureadline,23554
git-url-parse,23545
gpflow,23542
threaded,23542
ezdxf,23538
minikanren,23535
uplink,23518
synapseml,23488
anyscale,23481
gitlint,23480
sphinx-prompt,23451
leveldb,23447
pycel,23442
types-maxminddb,23433
sphinx-jinja,23420
razorpay,23419
azure-iot-device,23414
azureml-train-automl-runtime,23400
pydriller,23399
apischema,23397
qiskit-aer,23395
pysteam,23390
vsts-client,23390
pyasn,23380
mleap,23354
mypy-boto3-ecs,23321
cdk-watchful,23308
prettyprinter,23297
django-imagekit,23281
certbot-apache,23273
ed25519,23262
cowsay,23246
buttons,23242
django-compat,23236
google-cloud-scheduler,23224
fairlearn,23206
csscompressor,23197
pyexcel-xlsx,23189
delphi-epidata,23183
trufflehog,23173
moderngl,23169
cdk-certbot-dns-route53,23156
fabric3,23120
pymeta3,23100
flake8-coding,23080
camel-converter,23070
japanize-matplotlib,23068
termcolor-whl,23066
python-jsonrpc-server,23047
contours,23037
tensorflow-cloud,23035
opyoid,23027
types-beautifulsoup4,23026
delta-lake-reader,23019
python-amazon-sp-api,23018
robotframework-excellib,23006
presidio-analyzer,23004
webrtcvad,22995
pkbar,22976
symengine,22969
pymodbus,22963
konlpy,22962
dramatiq,22952
moreorless,22869
pydrive2,22866
databricks-pypi-extras,22853
asyncpool,22850
django-hijack,22826
aadict,22823
osmnx,22822
timer,22793
autologging,22793
aws-cdk-aws-glue-alpha,22788
rook,22785
openmim,22779
python-language-server,22772
aws-cdk-aws-glue,22770
connection-pool,22732
django-configurations,22719
pytest-snapshot,22681
bpemb,22681
guessit,22678
types-psycopg2,22672
aeppl,22671
locustio,22652
sqlalchemy-drill,22648
cdktf-cdktf-provider-newrelic,22640
simple-websocket,22635
django-solo,22615
pytest-shard,22605
slackeventsapi,22578
cibuildwheel,22569
stestr,22563
socksipy-branch,22556
wechatpy,22549
xlwings,22530
treq,22514
linear-operator,22508
django-sendgrid-v5,22500
python-binance,22484
collectfast,22484
iterative-stratification,22483
curtsies,22480
autodocsumm,22477
python-heatclient,22474
django-sekizai,22467
pymongo-auth-aws,22467
lap,22443
notion-client,22434
nose-timer,22433
sphinx-panels,22424
pennylane-lightning,22414
oslo-messaging,22413
mercurial,22393
datapackage,22382
hk80,22382
pytest-remotedata,22373
search-engine-parser,22365
data,22351
grpc-google-logging-v2,22342
python-binary-memcached,22326
pypi,22312
aws-cdk-aws-rds,22273
viktor,22271
frida-tools,22259
hana-ml,22253
discord-ext-menus,22252
pyyaml-include,22246
emails,22234
intervals,22234
model-index,22208
pymongocrypt,22190
asset,22166
grafanalib,22162
grpc-google-pubsub-v1,22145
flask-babelex,22142
olefileio-pl,22129
uncompyle6,22123
recurring-ical-events,22109
pyturbojpeg,22094
oauth,22086
duckdb-engine,22075
nose-exclude,22075
opentelemetry-instrumentation-kafka-python,22059
crowdstrike-falconpy,22052
azureml-interpret,22051
pygeotile,22050
chime-frb-api,22032
quipclient,22030
solana,21959
randfacts,21956
xdg,21946
pyside6-essentials,21930
pyre2,21930
oslo-middleware,21923
fast-autocomplete,21921
json-minify,21899
pycobertura,21897
pyknp,21896
rouge,21892
jupyter-http-over-ws,21883
h2o-pysparkling-3-1,21873
justext,21867
twofish,21861
django-crontab,21845
scooby,21828
django-filer,21809
json-api-doc,21806
kappa,21780
pyxirr,21776
boolean-py,21758
cwcwidth,21718
faust-streaming,21714
find-libpython,21708
south,21693
msedge-selenium-tools,21684
django-admin-list-filter-dropdown,21681
mmdet,21681
urwid-readline,21678
blosc,21674
rqdatac,21660
tensorflowjs,21652
nostradamus,21639
stups-piu,21638
ansible-modules-hashivault,21632
pyjks,21623
inputimeout,21613
beartype,21610
rawpy,21595
oslo-service,21578
pytest-qt,21575
exponent-server-sdk,21554
sphinx-toolbox,21551
pymobiledetect,21548
dynamodb-encryption-sdk,21541
lightning,21538
covidcast,21523
cirq-core,21519
dataclasses-jsonschema,21518
pipfile,21514
surrogate,21505
dataprep,21502
azure-ai-formrecognizer,21492
doc-warden,21462
spark-df-profiling,21462
avro-validator,21455
pytest-grpc,21451
pyddq,21423
opentelemetry-instrumentation-pymongo,21423
fuckit,21398
pygerduty,21393
py3nvml,21387
2to3,21351
pyobjc-framework-systemconfiguration,21350
zappa,21348
textrazor,21347
statsd-telegraf,21293
jws,21292
flask-log-request-id,21249
pyvim,21245
python-vagrant,21203
rstcheck,21199
pylint-exit,21191
docx,21185
torch-lr-finder,21174
esprima,21153
ssm-cache,21145
django-annoying,21136
pytest-postgresql,21135
uproot,21117
jsonconversion,21105
amazoncaptcha,21104
pytest-flask-sqlalchemy,21102
sumologic-sdk,21089
mojimoji,21070
pymarshaler,21059
profilehooks,21051
aqtinstall,21047
http-ece,21035
rpaframework,21021
solrq,21016
tailer,21008
splinter,20997
apache-atlas,20995
django-better-admin-arrayfield,20989
robotframework-faker,20986
dynamo-json,20980
jsonrpcserver,20976
cli-exit-tools,20950
flask-ngrok,20950
opentelemetry-instrumentation-django,20947
python-documentcloud,20938
vaex-core,20915
oslo-cache,20913
pykube-ng,20903
rioxarray,20901
dbnd,20894
leven,20865
ushlex,20850
unleashclient,20834
numpyencoder,20830
vistir,20828
pyscreenshot,20821
pykcs11,20816
django-allow-cidr,20805
econml,20804
types-frozendict,20778
fastecdsa,20775
httpbin,20770
letsencrypt,20761
plivo,20760
orderedset,20743
iniparse,20741
requirementslib,20734
pyheif,20733
minify-html,20711
autocfg,20693
sqlalchemy-continuum,20688
google-cloud-notebooks,20688
nplusone,20674
pyecharts,20672
camelot-py,20669
rdflib-jsonld,20655
pyocient,20649
scikit-multilearn,20643
python-csv,20638
cyberdrop-dl,20634
adafruit-platformdetect,20616
optionaldict,20615
opentelemetry-exporter-gcp-trace,20614
paddle2onnx,20613
apache-airflow-providers-microsoft-winrm,20606
pyqt6,20605
python-barbicanclient,20589
devpi-client,20586
hidapi,20583
unicodedata2,20574
testrail-api,20569
devpi-common,20562
pyside6-addons,20555
webexteamssdk,20555
probablepeople,20530
tweedledum,20514
pulp-file-client,20510
ics,20504
torch-model-archiver,20500
scann,20491
mypy-boto3-route53,20489
geode-common,20479
google-cloud-private-ca,20470
graphyte,20470
bowler,20458
utf-queue-client,20442
makeelf,20433
aws-cdk-aws-apigatewayv2-alpha,20426
pyobjc-framework-security,20418
dvc-http,20416
asyncmock,20410
gitlint-core,20392
jtutils,20385
unitypy,20379
phpserialize,20373
listcrunch,20360
djangorestframework-dataclasses,20351
smdebug,20349
sweetviz,20342
gitignore-parser,20342
tortoise-orm,20311
tf-models-nightly,20310
py-vapid,20303
aws-cdk-aws-ecs-patterns,20299
pyobjc-framework-libdispatch,20292
webvtt-py,20292
ale-py,20229
delocate,20229
instaloader,20225
sahi,20215
dotted-dict,20194
async-retrying,20194
hl7,20190
snakebite,20186
apitools,20163
rasa-sdk,20112
chiapos,20103
geonamescache,20100
gax-google-logging-v2,20093
flake8-pyi,20081
mode-streaming,20077
circus,20076
mo-parsing,20073
tensorflow-ranking,20065
emcee,20062
marketorestpython,20047
pyobjc-framework-coretext,20044
pyrush,20041
deepface,20034
django-migration-linter,20007
factor-analyzer,20007
pytest-test-groups,19981
throttler,19975
datatile,19957
hatch,19933
gax-google-pubsub-v1,19925
asyncache,19921
rocketchat-api,19905
random-password-generator,19879
aws-cdk-aws-stepfunctions-tasks,19873
django-heroku,19866
visualdl,19841
daal4py,19840
bce-python-sdk,19834
logging-azure-rest,19832
captum,19829
tlds,19829
tmdbv3api,19824
stix2-patterns,19806
torchlayers-nightly,19789
libsast,19771
jupyterlab-code-formatter,19766
courlan,19766
opentelemetry-instrumentation-sklearn,19762
gsecrets,19760
fuzzy,19750
neuralprophet,19733
traceml,19724
thriftrw,19717
ebaysdk,19717
correctionlib,19709
py-trello,19706
datalab,19691
cdktf-cdktf-provider-null,19687
pypsrp,19684
marshmallow-jsonschema,19684
jsonapi-requests,19682
sauceclient,19679
kerberos,19679
rules,19673
cartoframes,19659
sudo,19652
awsiotsdk,19635
imap-tools,19624
http3,19615
ypy-websocket,19615
gpyopt,19611
requests-sigv4,19580
rich-click,19573
glocaltokens,19565
mparticle,19541
mo-sql-parsing,19541
pyobjc-framework-coreaudio,19537
b2sdk,19532
onetimepass,19528
oslash,19524
fastnumbers,19502
pyroma,19500
django-hosts,19495
lunr,19494
nbval,19484
blockdiag,19479
pytest-recording,19465
pyaml-env,19451
cirq,19450
diagrams,19449
dash-auth,19428
contrast-agent-lib,19426
python-i18n,19411
easy-pil,19407
fiddler-client,19390
ibm-platform-services,19374
daal,19374
databricks-dbapi,19373
sparknlp,19372
pottery,19362
opencensus-ext-sqlalchemy,19349
pykafka,19345
aiohttp-middlewares,19342
cdktf-cdktf-provider-github,19339
pyobjc-framework-webkit,19337
wave,19320
cybrid-api-organization-python,19313
reprint,19304
whatthepatch,19295
pyowm,19281
flask-mongoengine,19274
pyobjc-framework-coreservices,19267
django-pglocks,19244
click-aliases,19239
events,19236
pyvista,19233
cybrid-api-id-python,19221
aws-cdk-lambda-layer-awscli,19220
lumopackage,19202
quantulum3,19193
mozilla-django-oidc,19188
volatile,19185
flake8-formatter-junit-xml,19156
oslo-upgradecheck,19154
zc-buildout,19144
pyobjc-framework-coredata,19143
configspace,19129
crochet,19126
usps-api,19123
django-cache-memoize,19122
advertools,19117
livy,19107
celery-batches,19107
carto,19105
py-ecc,19094
gherkin-official,19092
pyobjc-framework-screensaver,19087
pyobjc-framework-syncservices,19084
pylint-gitlab,19083
language-data,19074
pyxlsx,19070
pyobjc-framework-cfnetwork,19067
flake8-class-attributes-order,19064
callee,19064
genshi,19061
grimp,19057
cpe,19046
pyobjc-framework-spritekit,19043
pydantic-spark,19034
mailchimp-marketing,19031
adafruit-circuitpython-busdevice,19030
cppy,19025
gardener-oci,19018
delta-sharing,19017
mkdocs-macros-plugin,19016
pyobjc-framework-coremedia,19013
proxy-py,19006
pyobjc-framework-fsevents,18999
pyobjc-framework-addressbook,18998
scylla-driver,18988
chia-rs,18974
aws-cdk-aws-apigatewayv2-integrations-alpha,18967
cmreshandler,18967
airportsdata,18966
flask-cognito,18947
dagster-cloud,18929
djongo,18928
python-status,18926
hypothesis-jsonschema,18919
browserstack-local,18916
auditwheel,18910
cdktf,18907
cx-freeze,18901
django-auditlog,18880
value,18871
mypy-boto3-ses,18869
pyrestcli,18860
orange3,18853
horovod,18853
xmindparser,18836
sphinxcontrib-programoutput,18829
openvino,18820
cloudant,18807
eeweather,18790
efficientnet,18790
mdx-truly-sane-lists,18786
discord-js,18765
akinator-py,18764
aioquic,18758
unicode,18757
typedpy,18749
javascriptpy,18729
pyobjc-framework-securityinterface,18726
adafruit-pureio,18726
gpytranslate,18716
clamd,18714
resnest,18702
zope-schema,18700
smpplib,18680
hdf5plugin,18680
pyobjc-framework-scriptingbridge,18678
feather-format,18675
pyobjc-framework-avfoundation,18673
vega-datasets,18669
autoray,18660
envelopes,18654
pyqt6-qt6,18653
fcache,18638
mygeotab,18606
python-hosts,18604
pyobjc-framework-corelocation,18589
otel-extensions,18588
adafruit-circuitpython-requests,18581
pyobjc-framework-inputmethodkit,18559
apache-airflow-backport-providers-email,18555
pyobjc-framework-corewlan,18550
pyobjc-framework-applescriptkit,18542
python-logstash-async,18528
aws-cdk-aws-eks,18525
command,18520
pyobjc-framework-coreaudiokit,18512
betacal,18508
autogluon-common,18502
contentful,18498
pyobjc-framework-photos,18497
coiled,18490
sickrage,18484
flask-sock,18483
pyobjc-framework-gamecenter,18482
syrupy,18481
gardenlinux,18471
first,18461
pyobjc-framework-discrecording,18455
mailchimp-transactional,18451
pyobjc-framework-imagecapturecore,18450
reno,18428
python-jsonschema-objects,18427
redislite,18424
django-admin-autocomplete-filter,18415
elasticsearch2,18411
pyobjc-framework-photosui,18403
pyobjc-framework-multipeerconnectivity,18403
pyobjc-framework-contacts,18398
soda-core-spark,18395
pyobjc-framework-mapkit,18388
pytest-otel,18386
pyobjc-framework-imserviceplugin,18383
pypika-tortoise,18380
pypl,18378
pandas-ta,18378
pyobjc-framework-notificationcenter,18371
pyobjc-framework-cryptotokenkit,18370
pyobjc-framework-avkit,18367
pyobjc-framework-contactsui,18364
yara-python,18363
soda-core-spark-df,18362
pyobjc-framework-storekit,18361
django-suit,18348
cssbeautifier,18341
pyobjc-framework-modelio,18339
pyobjc-framework-vision,18336
ssh,18335
pyobjc-framework-safariservices,18333
toolchain-pants-plugin,18332
salt,18330
c3-toolset-nightly,18325
pyobjc-framework-intents,18315
pyobjc-framework-launchservices,18308
metricflow-lite,18302
elasticsearch-async,18284
pyobjc-framework-preferencepanes,18277
docusign-esign,18273
pyobjc-framework-gameplaykit,18270
plantuml-markdown,18269
lorem,18265
pyobjc-framework-corespotlight,18264
apache-airflow-providers-neo4j,18260
fugue,18256
pyobjc-framework-externalaccessory,18251
django-dotenv,18247
pyobjc-framework-gamekit,18241
pyobjc-framework-installerplugins,18233
pyobjc-framework-searchkit,18221
apache-airflow-providers-jenkins,18215
